province,year,ts_ratio,fdi,fitted_fe,resid_fe,region
"上海",2010,1.354,293.72,1.663901,-.0473345,"东部"
"上海",2011,1.4935,320.98,1.773889,-.0178229,"东部"
"上海",2012,1.5318,267.69,1.787434,.0069319,"东部"
"上海",2013,1.6146,318.24,1.857164,.0200019,"东部"
"上海",2014,1.739,341.06,1.933202,.0683644,"东部"
"上海",2015,1.6569,357.44,2.01699,-.0975236,"东部"
"上海",2016,1.8479,417.01,2.135404,-.0249375,"东部"
"上海",2017,1.7928,392.2,2.182643,-.1272767,"东部"
"上海",2018,1.9598,426.73,2.204682,.0176837,"东部"
"上海",2019,1.9992,400.54,2.240326,.0214398,"东部"
"上海",2020,2.0107,404.78,2.297285,-.0240187,"东部"
"上海",2021,2.1894,390.55,2.323215,.1287506,"东部"
"上海",2022,2.1731,444.21,2.359925,.0757416,"东部"
"云南",2010,.9309,131.64,.7594855,.0129599,"西部"
"云南",2011,.919,112.72,.7895598,-.0290144,"西部"
"云南",2012,1.0591,146.91,.8659095,.0347359,"西部"
"云南",2013,1.0527,180.98,.9054428,-.0111973,"西部"
"云南",2014,1.0942,184.78,.9699478,-.0342024,"西部"
"云南",2015,1.2027,168.54,.9821559,.0620896,"西部"
"云南",2016,1.1813,175.32,1.032681,-.0098358,"西部"
"云南",2017,1.2958,189.01,1.077847,.0594979,"西部"
"云南",2018,1.3001,185.84,1.115753,.0258927,"西部"
"云南",2019,1.3714,213.12,1.174847,.0380982,"西部"
"云南",2020,1.2624,192.74,1.230625,-.1266794,"西部"
"云南",2021,1.4156,226.26,1.261595,-.0044495,"西部"
"云南",2022,1.4576,222.14,1.317041,-.0178953,"西部"
"内蒙古",2010,1.0533,97.07,.7847795,-.0477866,"西部"
"内蒙古",2011,1.0977,101.41,.8186914,-.0372985,"西部"
"内蒙古",2012,1.1185,125.27,.8532501,-.0510572,"西部"
"内蒙古",2013,1.3464,137.45,.9406601,.0894327,"西部"
"内蒙古",2014,1.249,138.81,.9853134,-.0526205,"西部"
"内蒙古",2015,1.3597,158.96,1.052941,-.0095484,"西部"
"内蒙古",2016,1.4557,111.88,1.067245,.0721483,"西部"
"内蒙古",2017,1.4064,150.36,1.143983,-.0538904,"西部"
"内蒙古",2018,1.4614,193.51,1.180253,-.0351602,"西部"
"内蒙古",2019,1.5615,180.39,1.242152,.0030404,"西部"
"内蒙古",2020,1.6889,131.02,1.234363,.1382294,"西部"
"内蒙古",2021,1.5519,186.61,1.32486,-.0892675,"西部"
"内蒙古",2022,1.6984,168.34,1.308314,.0737785,"西部"
"北京",2010,1.4496,300.84,1.860325,-.0257861,"东部"
"北京",2011,1.5926,352.45,1.907513,.0700256,"东部"
"北京",2012,1.5463,313.33,1.972153,-.0409137,"东部"
"北京",2013,1.6,334,2.053782,-.0688432,"东部"
"北京",2014,1.6271,391.63,2.135557,-.1235183,"东部"
"北京",2015,1.7834,397.22,2.21699,-.0486511,"东部"
"北京",2016,1.8637,387.54,2.221872,.0267669,"东部"
"北京",2017,1.9155,393.58,2.312302,-.0118625,"东部"
"北京",2018,1.9679,446.11,2.42761,-.0747706,"东部"
"北京",2019,1.9235,417.58,2.442156,-.1337172,"东部"
"北京",2020,2.197,427.58,2.434536,.1474028,"东部"
"北京",2021,2.242,444.46,2.52005,.1068895,"东部"
"北京",2022,2.3993,551.26,2.607261,.1769779,"东部"
"吉林",2010,1.1875,170.55,1.077221,.0641965,"中部"
"吉林",2011,1.2831,174.23,1.141687,.0953306,"中部"
"吉林",2012,1.1754,175.15,1.224008,-.0946904,"中部"
"吉林",2013,1.3093,188.36,1.253516,.0097014,"中部"
"吉林",2014,1.4416,212.81,1.300973,.0945446,"中部"
"吉林",2015,1.3805,229.83,1.37601,-.0415924,"中部"
"吉林",2016,1.4067,228.05,1.434356,-.0737384,"中部"
"吉林",2017,1.4253,257.29,1.468575,-.089358,"中部"
"吉林",2018,1.646,251.37,1.510388,.0895293,"中部"
"吉林",2019,1.545,226.37,1.518164,-.0192471,"中部"
"吉林",2020,1.6471,243.98,1.614956,-.0139385,"中部"
"吉林",2021,1.676,268.7,1.655215,-.0252979,"中部"
"吉林",2022,1.7307,258.09,1.680057,.0045604,"中部"
"四川",2010,1.1234,141.32,.7170908,.0968271,"西部"
"四川",2011,1.15,132.4,.7755443,.0649735,"西部"
"四川",2012,1.1088,160.19,.8288191,-.0295012,"西部"
"四川",2013,1.1131,160.46,.887096,-.0834781,"西部"
"四川",2014,1.2213,170.29,.8935414,.0182765,"西部"
"四川",2015,1.3161,160.82,.9547521,.0518658,"西部"
"四川",2016,1.3504,180.25,1.022726,.018192,"西部"
"四川",2017,1.3624,183.68,1.045617,.0073007,"西部"
"四川",2018,1.4965,203.97,1.105939,.0810791,"西部"
"四川",2019,1.3735,216.38,1.160004,-.0959866,"西部"
"四川",2020,1.4766,194.58,1.170427,-.0033089,"西部"
"四川",2021,1.5003,217.41,1.276332,-.0855143,"西部"
"四川",2022,1.5711,254.05,1.302343,-.0407256,"西部"
"天津",2010,1.6705,364.09,1.797542,-.0017,"东部"
"天津",2011,1.7268,290.17,1.838612,.01353,"东部"
"天津",2012,1.8008,320,1.903433,.0227089,"东部"
"天津",2013,1.9104,370.03,2.007121,.0286208,"东部"
"天津",2014,1.7826,405.95,2.037414,-.1294718,"东部"
"天津",2015,2.0722,384.33,2.131774,.065768,"东部"
"天津",2016,1.9871,339.81,2.110368,.0020737,"东部"
"天津",2017,2.0772,421.28,2.264216,-.0616745,"东部"
"天津",2018,2.0931,496.74,2.344827,-.1263849,"东部"
"天津",2019,2.2809,461.36,2.347664,.0585784,"东部"
"天津",2020,2.2319,400.32,2.332424,.0248179,"东部"
"天津",2021,2.3845,523.13,2.533979,-.0241369,"东部"
"天津",2022,2.521,531.59,2.519072,.1272704,"东部"
"宁夏",2010,.9944,140.01,.8990527,.0630138,"西部"
"宁夏",2011,1.0257,128.58,.9144208,.0789456,"西部"
"宁夏",2012,1.0917,168.69,1.016935,.042431,"西部"
"宁夏",2013,1.1151,196.93,1.084709,-.0019429,"西部"
"宁夏",2014,1.1466,173.13,1.09812,.0161464,"西部"
"宁夏",2015,1.1895,234.35,1.18012,-.0229537,"西部"
"宁夏",2016,1.2798,212.88,1.230265,.017202,"西部"
"宁夏",2017,1.2841,209.47,1.295947,-.0441806,"西部"
"宁夏",2018,1.3164,216.71,1.349435,-.0653684,"西部"
"宁夏",2019,1.3264,290.32,1.415711,-.1216443,"西部"
"宁夏",2020,1.4083,250.82,1.412811,-.0368448,"西部"
"宁夏",2021,1.4976,227.65,1.415986,.0492805,"西部"
"宁夏",2022,1.5754,278.28,1.517151,.0259154,"西部"
"安徽",2010,1.0094,139.89,.9923911,.0147452,"中部"
"安徽",2011,1.0685,144.31,1.032168,.0340686,"中部"
"安徽",2012,1.0897,171.78,1.136109,-.0486729,"中部"
"安徽",2013,1.128,180.03,1.164937,-.0392007,"中部"
"安徽",2014,1.1356,201.21,1.183935,-.0505985,"中部"
"安徽",2015,1.2646,189.34,1.256618,.0057178,"中部"
"安徽",2016,1.3224,208.11,1.346035,-.0258985,"中部"
"安徽",2017,1.382,214.31,1.387301,-.0075646,"中部"
"安徽",2018,1.3278,201.71,1.411863,-.0863263,"中部"
"安徽",2019,1.5061,208.75,1.452462,.0513748,"中部"
"安徽",2020,1.492,201.58,1.477526,.0122104,"中部"
"安徽",2021,1.5957,205.92,1.479359,.1140774,"中部"
"安徽",2022,1.6285,273.63,1.600169,.0260671,"中部"
"山东",2010,1.3395,245.7,1.662604,.0340584,"东部"
"山东",2011,1.513,316.5,1.769595,.1005675,"东部"
"山东",2012,1.4461,306.24,1.817773,-.0145103,"东部"
"山东",2013,1.5685,291.47,1.810936,.1147271,"东部"
"山东",2014,1.6322,363.72,1.945701,.0436612,"东部"
"山东",2015,1.5708,377.87,2.034022,-.1060593,"东部"
"山东",2016,1.6999,371.92,2.078685,-.0216226,"东部"
"山东",2017,1.8847,417.45,2.138442,.1034212,"东部"
"山东",2018,1.7495,391.01,2.129805,-.0231427,"东部"
"山东",2019,1.9038,386.91,2.258081,.0028815,"东部"
"山东",2020,1.7755,416.85,2.295115,-.1624518,"东部"
"山东",2021,1.9084,405.34,2.369299,-.1037365,"东部"
"山东",2022,2.1228,484.35,2.447757,.0322062,"东部"
"山西",2010,1.1219,208.16,1.165814,.0520779,"中部"
"山西",2011,1.1347,198.51,1.203861,.0268307,"中部"
"山西",2012,1.1464,216,1.232981,.0094108,"中部"
"山西",2013,1.2078,234.51,1.313444,-.009652,"中部"
"山西",2014,1.273,254.69,1.351752,.0172405,"中部"
"山西",2015,1.2409,265.78,1.403746,-.0668542,"中部"
"山西",2016,1.3173,252.29,1.443421,-.0301294,"中部"
"山西",2017,1.5048,296.56,1.485535,.1152567,"中部"
"山西",2018,1.4094,274.57,1.550505,-.0451131,"中部"
"山西",2019,1.5037,314.87,1.670588,-.0708955,"中部"
"山西",2020,1.5578,330.05,1.621283,.0325093,"中部"
"山西",2021,1.5574,315.68,1.704186,-.0507943,"中部"
"山西",2022,1.6883,345.95,1.76418,.0201125,"中部"
"广东",2010,1.5541,264.87,1.700988,.081097,"东部"
"广东",2011,1.5514,308.26,1.77907,.0003155,"东部"
"广东",2012,1.6702,257.17,1.827092,.0710932,"东部"
"广东",2013,1.5608,327.82,1.920971,-.1321859,"东部"
"广东",2014,1.904,340.7,1.97031,.1616754,"东部"
"广东",2015,1.8172,355.28,2.036207,.0089778,"东部"
"广东",2016,1.7268,384.17,2.070854,-.1160691,"东部"
"广东",2017,1.9488,393.75,2.1905,-.0137153,"东部"
"广东",2018,2.0468,352.87,2.156643,.1181419,"东部"
"广东",2019,1.9095,439.92,2.316853,-.1793681,"东部"
"广东",2020,2.1228,430.06,2.342631,.0081545,"东部"
"广东",2021,2.1068,424.5,2.349766,-.0149808,"东部"
"广东",2022,2.2018,447.14,2.422921,.0068639,"东部"
"广西",2010,1.0901,137.76,.8000128,.0601663,"西部"
"广西",2011,1.1146,150.41,.9039679,-.0192889,"西部"
"广西",2012,1.161,172.6,.9122739,.0188051,"西部"
"广西",2013,1.2228,176.16,1.007593,-.0147141,"西部"
"广西",2014,1.3148,193.15,1.045062,.0398172,"西部"
"广西",2015,1.3048,181.12,1.070481,.0043979,"西部"
"广西",2016,1.3133,216.4,1.153892,-.0705131,"西部"
"广西",2017,1.4731,199.53,1.180586,.0625931,"西部"
"广西",2018,1.3701,226.98,1.233181,-.0930022,"西部"
"广西",2019,1.4591,257.41,1.299735,-.0705561,"西部"
"广西",2020,1.5813,187.69,1.260341,.0910384,"西部"
"广西",2021,1.583,244.13,1.330441,.022638,"西部"
"广西",2022,1.5878,236.25,1.389261,-.0313816,"西部"
"新疆",2010,.9366,129.7,.9745774,.0604703,"西部"
"新疆",2011,1.0218,136.15,.9984,.1218478,"西部"
"新疆",2012,.9794,153.54,1.013689,.0641585,"西部"
"新疆",2013,1.0421,145.61,1.098023,.042525,"西部"
"新疆",2014,1.1761,169.62,1.194544,.0800039,"西部"
"新疆",2015,1.1005,182.02,1.216095,-.0171477,"西部"
"新疆",2016,1.1404,167.24,1.238463,.000385,"西部"
"新疆",2017,1.1889,192.79,1.328081,-.040733,"西部"
"新疆",2018,1.143,187.6,1.349257,-.1078096,"西部"
"新疆",2019,1.2624,194.07,1.38615,-.0253021,"西部"
"新疆",2020,1.2503,204.12,1.451557,-.102809,"西部"
"新疆",2021,1.3647,203.64,1.463873,-.0007251,"西部"
"新疆",2022,1.3588,223.04,1.532112,-.074864,"西部"
"江苏",2010,1.5852,260.76,1.643677,.0578101,"东部"
"江苏",2011,1.5196,299.63,1.729736,-.093849,"东部"
"江苏",2012,1.7918,301.93,1.804769,.1033175,"东部"
"江苏",2013,1.7104,313.38,1.885777,-.0590905,"东部"
"江苏",2014,1.885,362.82,1.955563,.0457237,"东部"
"江苏",2015,1.9391,336.96,2.006074,.0493123,"东部"
"江苏",2016,1.9474,351.77,2.037694,.0259932,"东部"
"江苏",2017,1.8887,375.24,2.112825,-.1078386,"东部"
"江苏",2018,1.9693,367.21,2.170603,-.0850162,"东部"
"江苏",2019,2.1663,434.34,2.246379,.0362078,"东部"
"江苏",2020,2.1721,359.6,2.249911,.0384756,"东部"
"江苏",2021,2.1765,440.67,2.367823,-.075036,"东部"
"江苏",2022,2.3768,484.74,2.429097,.06399,"东部"
"江西",2010,1.1383,183.54,1.145146,.0058358,"中部"
"江西",2011,1.1644,213.49,1.241074,-.0639916,"中部"
"江西",2012,1.3504,205.73,1.283769,.0793131,"中部"
"江西",2013,1.2563,243.43,1.334144,-.0651615,"中部"
"江西",2014,1.388,237.69,1.367461,.0332207,"中部"
"江西",2015,1.4436,248.43,1.434118,.0221638,"中部"
"江西",2016,1.4141,251.88,1.489513,-.0627311,"中部"
"江西",2017,1.5224,263.93,1.522103,.0129792,"中部"
"江西",2018,1.5146,283.89,1.640314,-.1130323,"中部"
"江西",2019,1.6004,270.54,1.588643,.0244385,"中部"
"江西",2020,1.6847,297.06,1.686353,.0110291,"中部"
"江西",2021,1.7716,254.75,1.682966,.1013165,"中部"
"江西",2022,1.7563,311.12,1.754362,.0146199,"中部"
"河北",2010,1.5434,318.56,1.915619,-.0584798,"东部"
"河北",2011,1.6421,331.39,1.987555,-.0317158,"东部"
"河北",2012,1.7618,369.5,2.067333,.008206,"东部"
"河北",2013,1.8738,322.17,2.117064,.0704745,"东部"
"河北",2014,1.7941,388.26,2.201412,-.0935734,"东部"
"河北",2015,1.8849,362.19,2.31195,-.1133114,"东部"
"河北",2016,1.8727,419.44,2.330303,-.1438643,"东部"
"河北",2017,2.0143,455.22,2.396222,-.0681829,"东部"
"河北",2018,2.2178,427.81,2.460589,.0709499,"东部"
"河北",2019,2.3174,509.63,2.544196,.0869428,"东部"
"河北",2020,2.4432,526.99,2.560508,.1964311,"东部"
"河北",2021,2.3062,525.83,2.623395,-.0034561,"东部"
"河北",2022,2.4213,527.18,2.655459,.0795795,"东部"
"河南",2010,1.2499,127.66,1.026054,.0348469,"中部"
"河南",2011,1.2055,126.53,1.044404,-.0279025,"中部"
"河南",2012,1.4441,165.56,1.114249,.1408522,"中部"
"河南",2013,1.3704,182.66,1.190589,-.0091877,"中部"
"河南",2014,1.3829,204.68,1.262865,-.0689642,"中部"
"河南",2015,1.5042,192.88,1.29903,.0161709,"中部"
"河南",2016,1.5395,198.95,1.347092,.0034091,"中部"
"河南",2017,1.5579,231.1,1.380562,-.0116608,"中部"
"河南",2018,1.6534,222.78,1.426707,.0376938,"中部"
"河南",2019,1.5621,232.46,1.50362,-.1305188,"中部"
"河南",2020,1.7885,196.88,1.553223,.0462786,"中部"
"河南",2021,1.8286,237.26,1.607149,.0324522,"中部"
"河南",2022,1.793,275.14,1.667471,-.0634696,"中部"
"浙江",2010,1.5954,358.66,1.89738,-.097007,"东部"
"浙江",2011,1.6979,307.4,1.944931,-.0420582,"东部"
"浙江",2012,1.7879,309.54,2.024537,-.0316645,"东部"
"浙江",2013,1.8268,382.6,2.091933,-.0601596,"东部"
"浙江",2014,1.8805,310.12,2.095625,-.0101519,"东部"
"浙江",2015,1.8865,438.33,2.186147,-.0946741,"东部"
"浙江",2016,2.2084,393.96,2.266838,.146535,"东部"
"浙江",2017,2.0236,416.92,2.356655,-.1280822,"东部"
"浙江",2018,2.2938,450.19,2.419783,.0789902,"东部"
"浙江",2019,2.3688,427.57,2.484538,.0892349,"东部"
"浙江",2020,2.3175,489.71,2.567923,-.0454503,"东部"
"浙江",2021,2.4747,453.68,2.503319,.1763536,"东部"
"浙江",2022,2.4806,526.28,2.667439,.0181341,"东部"
"海南",2010,1.531,255.41,1.517942,-.0287156,"东部"
"海南",2011,1.5388,248.13,1.55623,-.0592037,"东部"
"海南",2012,1.5717,264.17,1.626003,-.0960767,"东部"
"海南",2013,1.6711,284.04,1.718771,-.0894453,"东部"
"海南",2014,1.737,288.14,1.705783,-.0105564,"东部"
"海南",2015,2.0247,318.62,1.830852,.1520739,"东部"
"海南",2016,1.8379,300.93,1.838074,-.0419476,"东部"
"海南",2017,1.983,330.96,1.920284,.0209423,"东部"
"海南",2018,2.1791,373.81,2.000659,.1366673,"东部"
"海南",2019,2.1432,457.36,2.126846,-.0254196,"东部"
"海南",2020,2.0763,356.56,2.083017,-.0484913,"东部"
"海南",2021,2.2417,406.2,2.164811,.035115,"东部"
"海南",2022,2.3366,450.9,2.239769,.0550576,"东部"
"湖北",2010,.9423,190.74,1.050704,-.04047,"中部"
"湖北",2011,1.0994,208.12,1.08116,.0861744,"中部"
"湖北",2012,1.1271,210.86,1.172209,.0228257,"中部"
"湖北",2013,1.2225,227.92,1.216775,.0736595,"中部"
"湖北",2014,1.254,218.2,1.241289,.0806455,"中部"
"湖北",2015,1.2809,258.24,1.337312,.011523,"中部"
"湖北",2016,1.3408,250.1,1.347389,.0613455,"中部"
"湖北",2017,1.3373,230.7,1.433454,-.0282193,"中部"
"湖北",2018,1.4364,311.86,1.50297,.0013642,"中部"
"湖北",2019,1.4717,303.36,1.535609,.0040248,"中部"
"湖北",2020,1.3938,223.71,1.512452,-.0507181,"中部"
"湖北",2021,1.4289,292.15,1.622465,-.1256302,"中部"
"湖北",2022,1.5335,342.43,1.697959,-.096525,"中部"
"湖南",2010,1.126,155.54,.9495012,-.0708127,"中部"
"湖南",2011,1.1814,153.68,1.035786,-.101698,"中部"
"湖南",2012,1.3816,150.21,1.071248,.0630405,"中部"
"湖南",2013,1.4,156.39,1.090877,.0618118,"中部"
"湖南",2014,1.4464,203.78,1.200154,-.0010658,"中部"
"湖南",2015,1.3645,187.12,1.242348,-.1251596,"中部"
"湖南",2016,1.4717,217.95,1.276158,-.0517691,"中部"
"湖南",2017,1.5607,227.32,1.340451,-.0270628,"中部"
"湖南",2018,1.6467,225.57,1.396105,.0032837,"中部"
"湖南",2019,1.6911,198.51,1.411635,.032154,"中部"
"湖南",2020,1.8256,227.15,1.424495,.1537936,"中部"
"湖南",2021,1.8418,242.75,1.510704,.0837848,"中部"
"湖南",2022,1.798,235.02,1.570989,-.0203006,"中部"
"甘肃",2010,1.0562,118.66,.7653666,-.0479183,"西部"
"甘肃",2011,1.1094,99.67,.7870415,-.0163932,"西部"
"甘肃",2012,1.1344,128.31,.8641791,-.0685308,"西部"
"甘肃",2013,1.193,134.28,.9177051,-.0634569,"西部"
"甘肃",2014,1.3322,157.76,.975863,.0175853,"西部"
"甘肃",2015,1.3135,179.74,1.041092,-.0663441,"西部"
"甘肃",2016,1.4566,162.31,1.048307,.069541,"西部"
"甘肃",2017,1.3635,159.51,1.096207,-.0714588,"西部"
"甘肃",2018,1.5604,178.27,1.124855,.0967936,"西部"
"甘肃",2019,1.527,151.84,1.174202,.0140467,"西部"
"甘肃",2020,1.6158,171.02,1.199028,.0780208,"西部"
"甘肃",2021,1.6808,212.81,1.31412,.0279284,"西部"
"甘肃",2022,1.6925,206.28,1.323562,.0301863,"西部"
"福建",2010,1.5191,296.17,1.780832,-.0653215,"东部"
"福建",2011,1.5432,308.38,1.88186,-.1422492,"东部"
"福建",2012,1.6623,330.55,1.924002,-.0652917,"东部"
"福建",2013,1.834,337.64,1.945557,.084854,"东部"
"福建",2014,1.9351,348.01,2.057554,.0739569,"东部"
"福建",2015,1.9431,370.34,2.125324,.0141866,"东部"
"福建",2016,1.9669,379.05,2.159715,.0035958,"东部"
"福建",2017,2.1228,402.77,2.252285,.0669261,"东部"
"福建",2018,2.0737,468.22,2.366855,-.0967448,"东部"
"福建",2019,2.2095,449.66,2.401496,.0044146,"东部"
"福建",2020,2.1002,397.41,2.302265,-.0056549,"东部"
"福建",2021,2.363,470.27,2.457991,.1014195,"东部"
"福建",2022,2.4454,545.02,2.615902,.0259085,"东部"
"西藏",2010,.9706,125.81,.7074921,.0746909,"西部"
"西藏",2011,.987,142.4,.7645408,.0340422,"西部"
"西藏",2012,.9765,155.34,.793887,-.005804,"西部"
"西藏",2013,1.046,158.31,.8639122,-.0063292,"西部"
"西藏",2014,1.0826,158.51,.8860965,.0080865,"西部"
"西藏",2015,1.1629,164.82,.9378052,.0366777,"西部"
"西藏",2016,1.112,162.04,.9640774,-.0404944,"西部"
"西藏",2017,1.2309,150.18,1.041072,.0014109,"西部"
"西藏",2018,1.3423,183.14,1.092747,.0611362,"西部"
"西藏",2019,1.2471,185.94,1.141215,-.0825323,"西部"
"西藏",2020,1.3413,179.72,1.180071,-.0271884,"西部"
"西藏",2021,1.4557,200.38,1.219701,.0475822,"西部"
"西藏",2022,1.3544,230.56,1.267261,-.1012783,"西部"
"贵州",2010,.8232,163.89,.866656,-.0763905,"西部"
"贵州",2011,1.0193,134.9,.9006568,.0857087,"西部"
"贵州",2012,1.0979,175.01,.9494624,.1155031,"西部"
"贵州",2013,1.0181,148.28,.984496,.0006695,"西部"
"贵州",2014,.9941,170.31,1.042802,-.081637,"西部"
"贵州",2015,1.1527,204.72,1.104995,.01477,"西部"
"贵州",2016,1.1638,210.78,1.171934,-.0410686,"西部"
"贵州",2017,1.2867,230.67,1.211841,.0419246,"西部"
"贵州",2018,1.2021,237.64,1.274343,-.1051774,"西部"
"贵州",2019,1.2144,194.52,1.268673,-.0872079,"西部"
"贵州",2020,1.3745,215.23,1.336889,.0046768,"西部"
"贵州",2021,1.4571,242.45,1.360451,.0637149,"西部"
"贵州",2022,1.5191,276.86,1.421652,.0645138,"西部"
"辽宁",2010,1.4135,260.3,1.6313,.0510876,"东部"
"辽宁",2011,1.344,283.99,1.715716,-.1028288,"东部"
"辽宁",2012,1.5662,333.93,1.823123,.0119644,"东部"
"辽宁",2013,1.6037,316.82,1.822863,.0497244,"东部"
"辽宁",2014,1.6158,286.27,1.893958,-.009271,"东部"
"辽宁",2015,1.673,334.02,1.958875,-.0169873,"东部"
"辽宁",2016,1.7409,382.94,2.109177,-.0993895,"东部"
"辽宁",2017,1.8946,368.3,2.114377,.0491107,"东部"
"辽宁",2018,1.942,419.93,2.209783,.0011045,"东部"
"辽宁",2019,1.9011,353.76,2.218425,-.0484376,"东部"
"辽宁",2020,2.0505,393.35,2.26497,.0544174,"东部"
"辽宁",2021,2.1243,415.37,2.353118,.0400693,"东部"
"辽宁",2022,2.1225,452.38,2.371951,.0194358,"东部"
"重庆",2010,.9673,140.63,.6841471,-.0119177,"西部"
"重庆",2011,1.0396,151.52,.7383384,.0061911,"西部"
"重庆",2012,1.0541,149.03,.7970188,-.0379893,"西部"
"重庆",2013,1.1323,138.97,.8241617,.0130677,"西部"
"重庆",2014,1.1479,166.18,.873804,-.0209746,"西部"
"重庆",2015,1.1936,175.62,.9107946,-.012265,"西部"
"重庆",2016,1.2744,179.81,.9790683,.0002612,"西部"
"重庆",2017,1.2154,197.15,1.032155,-.1118256,"西部"
"重庆",2018,1.3958,154.5,1.018009,.0827209,"西部"
"重庆",2019,1.2994,192.13,1.093882,-.0895525,"西部"
"重庆",2020,1.5127,206.39,1.122105,.0955241,"西部"
"重庆",2021,1.5726,222.82,1.161999,.1155309,"西部"
"重庆",2022,1.482,232.62,1.215701,-.0287712,"西部"
"陕西",2010,.8424,88.83,.7285308,-.0206097,"西部"
"陕西",2011,.8709,92.26,.7319112,.0045099,"西部"
"陕西",2012,.9495,108.16,.8050169,.0100043,"西部"
"陕西",2013,.9646,110.7,.8486978,-.0185766,"西部"
"陕西",2014,1.0082,105.26,.8795785,-.0058573,"西部"
"陕西",2015,1.0636,138.44,.9635609,-.0344398,"西部"
"陕西",2016,1.159,146.04,.9996055,.0249157,"西部"
"陕西",2017,1.1497,134.74,1.03571,-.0204885,"西部"
"陕西",2018,1.2712,142.92,1.074024,.0626971,"西部"
"陕西",2019,1.2238,169.14,1.131965,-.0426437,"西部"
"陕西",2020,1.3086,127.05,1.131928,.0421933,"西部"
"陕西",2021,1.2739,161.91,1.192358,-.052937,"西部"
"陕西",2022,1.4212,138.65,1.235489,.0512322,"西部"
"青海",2010,.9979,148.78,.8459497,.0416284,"西部"
"青海",2011,1.0268,154.37,.914239,.0022391,"西部"
"青海",2012,1.1577,179.91,.9672845,.0800936,"西部"
"青海",2013,1.1484,188.72,1.010975,.0271035,"西部"
"青海",2014,1.1379,182.05,1.074323,-.0467446,"西部"
"青海",2015,1.1869,204.75,1.129631,-.0530532,"西部"
"青海",2016,1.2995,220.51,1.161913,.0272652,"西部"
"青海",2017,1.4382,235.9,1.2339,.0939786,"西部"
"青海",2018,1.4335,244.45,1.299781,.023397,"西部"
"青海",2019,1.4101,260.78,1.317579,-.0178012,"西部"
"青海",2020,1.3805,271.41,1.373117,-.1029391,"西部"
"青海",2021,1.454,260.04,1.426952,-.0832739,"西部"
"青海",2022,1.5703,251.72,1.451871,.0081067,"西部"
"黑龙江",2010,1.1107,142.3,1.068888,-.0186324,"中部"
"黑龙江",2011,1.1766,143.99,1.125595,-.0094387,"中部"
"黑龙江",2012,1.2467,185,1.198807,-.0125509,"中部"
"黑龙江",2013,1.2525,178.67,1.263329,-.0712734,"中部"
"黑龙江",2014,1.3857,202.76,1.292727,.0325287,"中部"
"黑龙江",2015,1.38,188.69,1.312996,.0065594,"中部"
"黑龙江",2016,1.4552,218.55,1.381716,.01304,"中部"
"黑龙江",2017,1.494,217.03,1.432993,.0005632,"中部"
"黑龙江",2018,1.6076,214.25,1.491959,.055197,"中部"
"黑龙江",2019,1.5521,215.5,1.502692,-.0110366,"中部"
"黑龙江",2020,1.5903,196.43,1.557199,-.0273432,"中部"
"黑龙江",2021,1.6174,249.14,1.61574,-.058784,"中部"
"黑龙江",2022,1.8482,278.2,1.686585,.1011709,"中部"
