province,year,region,fdi,ts_ratio,tertiary_share,secondary_share,pgdp,human_cap,gov_exp,openness,infra,urban
北京,2010,东部,300.84,1.4496,59.18,40.82,96162.0,11.33,23.61,103.17,136.45,83.96
北京,2011,东部,352.45,1.5926,61.43,38.57,97565.0,11.05,25.49,97.07,135.07,86.92
北京,2012,东部,313.33,1.5463,60.73,39.27,107468.0,11.39,22.74,109.62,143.48,86.95
北京,2013,东部,334.0,1.6,61.54,38.46,119945.0,11.4,24.04,105.37,145.96,87.99
北京,2014,东部,391.63,1.6271,61.94,38.06,127305.0,11.36,24.53,100.55,147.58,89.04
北京,2015,东部,397.22,1.7834,64.07,35.93,134456.0,11.49,23.58,102.85,154.52,90.62
北京,2016,东部,387.54,1.8637,65.08,34.92,128228.0,11.74,24.0,110.9,156.96,91.39
北京,2017,东部,393.58,1.9155,65.7,34.3,133604.0,11.71,24.58,127.36,165.37,92.33
北京,2018,东部,446.11,1.9679,66.31,33.69,149398.0,11.68,25.67,124.86,166.84,94.07
北京,2019,东部,417.58,1.9235,65.79,34.21,155819.0,11.87,24.38,115.17,169.46,94.7
北京,2020,东部,427.58,2.197,68.72,31.28,144464.0,11.99,25.2,96.73,174.84,95.0
北京,2021,东部,444.46,2.242,69.15,30.85,162155.0,12.15,25.5,104.29,174.57,95.0
北京,2022,东部,551.26,2.3993,70.58,29.42,162101.0,12.01,25.65,106.58,176.24,95.0
天津,2010,东部,364.09,1.6705,62.55,37.45,82323.0,10.64,20.53,87.19,134.83,82.73
天津,2011,东部,290.17,1.7268,63.33,36.67,98106.0,10.84,22.11,90.83,138.36,83.75
天津,2012,东部,320.0,1.8008,64.3,35.7,100602.0,10.84,20.48,94.27,143.84,84.61
天津,2013,东部,370.03,1.9104,65.64,34.36,110970.0,10.93,21.53,96.29,145.56,86.49
天津,2014,东部,405.95,1.7826,64.06,35.94,113608.0,10.98,20.1,91.22,145.92,86.32
天津,2015,东部,384.33,2.0722,67.45,32.55,128403.0,10.87,23.03,108.92,150.61,88.26
天津,2016,东部,339.81,1.9871,66.52,33.48,125289.0,11.16,22.06,90.77,154.37,89.75
天津,2017,东部,421.28,2.0772,67.5,32.5,139262.0,11.27,22.21,95.53,159.38,90.91
天津,2018,东部,496.74,2.0931,67.67,32.33,138604.0,11.28,23.38,98.58,160.8,92.77
天津,2019,东部,461.36,2.2809,69.52,30.48,144705.0,11.48,22.51,98.57,160.82,93.44
天津,2020,东部,400.32,2.2319,69.06,30.94,148008.0,11.3,22.25,85.25,166.23,94.24
天津,2021,东部,523.13,2.3845,70.45,29.55,159382.0,11.62,22.21,102.75,173.47,95.0
天津,2022,东部,531.59,2.521,71.6,28.4,148565.0,11.5,23.35,95.77,177.41,95.0
河北,2010,东部,318.56,1.5434,60.68,39.32,105864.0,11.11,22.67,92.16,138.08,86.66
河北,2011,东部,331.39,1.6421,62.15,37.85,116570.0,11.12,22.3,101.92,140.94,86.95
河北,2012,东部,369.5,1.7618,63.79,36.21,122853.0,11.15,21.95,105.92,143.79,88.54
河北,2013,东部,322.17,1.8738,65.2,34.8,127316.0,11.44,23.03,95.55,152.43,91.01
河北,2014,东部,388.26,1.7941,64.21,35.79,134508.0,11.34,23.88,90.6,154.2,91.55
河北,2015,东部,362.19,1.8849,65.34,34.66,158263.0,11.59,23.7,105.62,158.22,92.29
河北,2016,东部,419.44,1.8727,65.19,34.81,147485.0,11.48,24.13,113.8,157.54,94.39
河北,2017,东部,455.22,2.0143,66.82,33.18,147235.0,11.6,24.7,114.25,163.33,94.56
河北,2018,东部,427.81,2.2178,68.92,31.08,162709.0,11.61,23.41,117.72,168.43,95.0
河北,2019,东部,509.63,2.3174,69.86,30.14,163571.0,11.88,25.47,107.46,170.43,95.0
河北,2020,东部,526.99,2.4432,70.96,29.04,161870.0,11.92,22.44,92.73,175.59,95.0
河北,2021,东部,525.83,2.3062,69.75,30.25,172723.0,12.06,23.59,101.94,177.38,95.0
河北,2022,东部,527.18,2.4213,70.77,29.23,179469.0,12.04,24.21,105.34,177.95,95.0
山西,2010,中部,208.16,1.1219,52.87,47.13,62271.0,9.75,20.53,48.41,88.82,62.78
山西,2011,中部,198.51,1.1347,53.16,46.84,63302.0,9.92,21.05,57.43,90.76,65.43
山西,2012,中部,216.0,1.1464,53.41,46.59,66008.0,9.96,19.66,59.53,92.26,65.38
山西,2013,中部,234.51,1.2078,54.71,45.29,69621.0,10.23,20.25,62.89,97.97,66.7
山西,2014,中部,254.69,1.273,56.01,43.99,75066.0,10.16,19.73,54.38,99.61,67.5
山西,2015,中部,265.78,1.2409,55.38,44.62,78008.0,10.28,19.95,53.91,102.94,69.12
山西,2016,中部,252.29,1.3173,56.85,43.15,85316.0,10.33,21.62,55.0,104.7,70.08
山西,2017,中部,296.56,1.5048,60.08,39.92,83034.0,10.29,21.79,58.07,106.33,71.05
山西,2018,中部,274.57,1.4094,58.5,41.5,89500.0,10.48,21.6,56.34,114.8,72.09
山西,2019,中部,314.87,1.5037,60.06,39.94,98082.0,10.92,22.03,68.16,118.96,73.91
山西,2020,中部,330.05,1.5578,60.9,39.1,89481.0,10.48,20.68,57.68,117.66,74.48
山西,2021,中部,315.68,1.5574,60.9,39.1,100347.0,10.67,21.89,57.44,123.84,76.13
山西,2022,中部,345.95,1.6883,62.8,37.2,97418.0,10.66,22.77,58.17,130.85,76.89
内蒙古,2010,西部,97.07,1.0533,51.3,48.7,55727.0,9.26,15.36,49.27,59.61,50.56
内蒙古,2011,西部,101.41,1.0977,52.33,47.67,57032.0,9.31,15.72,51.85,59.97,53.62
内蒙古,2012,西部,125.27,1.1185,52.8,47.2,59047.0,9.43,16.52,51.19,58.62,55.39
内蒙古,2013,西部,137.45,1.3464,57.38,42.62,67781.0,9.39,16.24,51.8,67.34,55.36
内蒙古,2014,西部,138.81,1.249,55.54,44.46,68163.0,9.64,15.73,53.72,70.99,57.56
内蒙古,2015,西部,158.96,1.3597,57.62,42.38,73333.0,9.56,16.91,50.29,76.2,58.51
内蒙古,2016,西部,111.88,1.4557,59.28,40.72,77054.0,9.7,16.79,59.53,79.44,59.64
内蒙古,2017,西部,150.36,1.4064,58.44,41.56,78821.0,9.86,18.06,61.86,84.39,60.03
内蒙古,2018,西部,193.51,1.4614,59.37,40.63,81254.0,9.8,17.11,44.59,84.31,62.23
内蒙古,2019,西部,180.39,1.5615,60.96,39.04,86161.0,9.97,17.7,58.44,90.11,62.82
内蒙古,2020,西部,131.02,1.6889,62.81,37.19,86481.0,10.04,16.48,49.64,94.58,64.62
内蒙古,2021,西部,186.61,1.5519,60.81,39.19,89391.0,10.27,18.26,48.34,98.83,64.95
内蒙古,2022,西部,168.34,1.6984,62.94,37.06,91461.0,10.29,16.97,50.01,96.46,65.85
辽宁,2010,东部,260.3,1.4135,58.57,41.43,90076.0,10.45,19.85,77.75,121.94,78.4
辽宁,2011,东部,283.99,1.344,57.34,42.66,96167.0,10.48,20.77,76.77,126.85,80.63
辽宁,2012,东部,333.93,1.5662,61.03,38.97,107094.0,10.46,22.77,84.77,129.07,81.69
辽宁,2013,东部,316.82,1.6037,61.59,38.41,105053.0,10.64,22.97,82.35,130.63,82.7
辽宁,2014,东部,286.27,1.6158,61.77,38.23,121731.0,10.73,22.08,85.06,135.44,83.64
辽宁,2015,东部,334.02,1.673,62.59,37.41,121699.0,10.68,22.06,85.11,138.57,85.72
辽宁,2016,东部,382.94,1.7409,63.52,36.48,133526.0,10.94,21.0,90.75,148.69,86.58
辽宁,2017,东部,368.3,1.8946,65.45,34.55,134912.0,11.02,22.19,92.47,147.48,88.22
辽宁,2018,东部,419.93,1.942,66.01,33.99,138613.0,11.13,22.19,93.2,154.42,88.25
辽宁,2019,东部,353.76,1.9011,65.53,34.47,145200.0,11.21,23.51,93.86,157.02,90.3
辽宁,2020,东部,393.35,2.0505,67.22,32.78,151552.0,11.26,22.88,72.25,157.37,91.76
辽宁,2021,东部,415.37,2.1243,67.99,32.01,158749.0,11.27,23.18,84.1,162.96,92.44
辽宁,2022,东部,452.38,2.1225,67.97,32.03,152987.0,11.23,21.98,83.02,165.45,92.98
吉林,2010,中部,170.55,1.1875,54.28,45.72,60079.0,9.78,18.94,58.76,79.42,62.32
吉林,2011,中部,174.23,1.2831,56.2,43.8,67515.0,9.91,19.51,55.29,83.28,63.93
吉林,2012,中部,175.15,1.1754,54.03,45.97,76358.0,10.11,19.75,58.71,88.16,65.99
吉林,2013,中部,188.36,1.3093,56.7,43.3,78193.0,10.07,19.61,62.47,90.75,65.57
吉林,2014,中部,212.81,1.4416,59.04,40.96,79815.0,10.15,20.32,62.81,92.36,67.01
吉林,2015,中部,229.83,1.3805,57.99,42.01,79820.0,10.11,21.01,60.22,102.18,68.22
吉林,2016,中部,228.05,1.4067,58.45,41.55,90919.0,10.16,21.31,65.36,102.56,70.1
吉林,2017,中部,257.29,1.4253,58.77,41.23,89468.0,10.44,20.53,67.1,103.69,70.62
吉林,2018,中部,251.37,1.646,62.21,37.79,94972.0,10.45,21.15,67.54,105.78,72.57
吉林,2019,中部,226.37,1.545,60.71,39.29,94527.0,10.38,21.31,62.78,110.9,73.28
吉林,2020,中部,243.98,1.6471,62.22,37.78,103504.0,10.63,21.55,59.43,117.38,74.69
吉林,2021,中部,268.7,1.676,62.63,37.37,110983.0,10.62,21.62,59.54,115.81,75.35
吉林,2022,中部,258.09,1.7307,63.38,36.62,103203.0,10.72,21.22,59.06,123.73,77.57
黑龙江,2010,中部,142.3,1.1107,52.62,47.38,63607.0,9.46,18.51,53.58,85.68,59.24
黑龙江,2011,中部,143.99,1.1766,54.06,45.94,65334.0,9.73,18.95,55.55,90.32,61.06
黑龙江,2012,中部,185.0,1.2467,55.49,44.51,76786.0,9.5,19.26,55.43,90.78,61.98
黑龙江,2013,中部,178.67,1.2525,55.6,44.4,82078.0,9.49,21.84,55.07,97.45,62.75
黑龙江,2014,中部,202.76,1.3857,58.08,41.92,78782.0,9.62,20.54,59.35,100.06,63.56
黑龙江,2015,中部,188.69,1.38,57.98,42.02,85889.0,9.89,19.19,64.32,97.99,65.07
黑龙江,2016,中部,218.55,1.4552,59.27,40.73,90663.0,9.89,20.76,58.57,101.21,66.71
黑龙江,2017,中部,217.03,1.494,59.9,40.1,87103.0,10.04,22.02,66.0,107.7,68.88
黑龙江,2018,中部,214.25,1.6076,61.65,38.35,99435.0,9.9,21.16,64.42,112.0,69.15
黑龙江,2019,中部,215.5,1.5521,60.82,39.18,99851.0,10.09,21.07,61.89,112.26,69.62
黑龙江,2020,中部,196.43,1.5903,61.39,38.61,102117.0,10.29,21.78,49.75,121.53,71.01
黑龙江,2021,中部,249.14,1.6174,61.79,38.21,103547.0,10.25,20.38,54.34,122.7,72.56
黑龙江,2022,中部,278.2,1.8482,64.89,35.11,108812.0,10.25,22.38,55.73,125.29,73.84
上海,2010,东部,293.72,1.354,57.52,42.48,77137.0,10.48,22.19,78.09,127.73,80.22
上海,2011,东部,320.98,1.4935,59.9,40.1,92949.0,10.62,23.18,79.89,131.19,81.0
上海,2012,东部,267.69,1.5318,60.5,39.5,100821.0,10.67,23.1,81.48,134.27,81.92
上海,2013,东部,318.24,1.6146,61.75,38.25,102870.0,10.66,23.49,94.83,134.27,84.06
上海,2014,东部,341.06,1.739,63.49,36.51,112407.0,10.8,23.41,95.21,137.09,84.81
上海,2015,东部,357.44,1.6569,62.36,37.64,118171.0,10.91,23.68,97.91,143.79,85.88
上海,2016,东部,417.01,1.8479,64.89,35.11,122802.0,11.14,24.02,99.08,150.52,87.44
上海,2017,东部,392.2,1.7928,64.19,35.81,136259.0,11.22,23.79,96.3,152.12,88.96
上海,2018,东部,426.73,1.9598,66.21,33.79,132535.0,11.25,23.66,98.55,152.84,89.43
上海,2019,东部,400.54,1.9992,66.66,33.34,135237.0,11.18,24.59,96.02,159.26,91.1
上海,2020,东部,404.78,2.0107,66.79,33.21,146172.0,11.27,26.05,85.41,161.18,91.82
上海,2021,东部,390.55,2.1894,68.65,31.35,146128.0,11.28,25.05,84.21,166.18,93.79
上海,2022,东部,444.21,2.1731,68.49,31.51,139198.0,11.56,24.41,89.51,166.95,94.69
江苏,2010,东部,260.76,1.5852,61.32,38.68,84983.0,10.79,20.18,86.61,126.73,75.89
江苏,2011,东部,299.63,1.5196,60.31,39.69,92491.0,10.86,20.1,77.47,130.68,77.94
江苏,2012,东部,301.93,1.7918,64.18,35.82,107802.0,10.77,21.0,78.98,132.82,78.87
江苏,2013,东部,313.38,1.7104,63.1,36.9,113520.0,10.99,20.25,77.06,140.47,79.79
江苏,2014,东部,362.82,1.885,65.34,34.66,120052.0,11.08,19.6,83.61,139.39,81.38
江苏,2015,东部,336.96,1.9391,65.98,34.02,120779.0,11.16,20.75,101.65,145.89,83.06
江苏,2016,东部,351.77,1.9474,66.07,33.93,129788.0,11.35,20.95,82.02,144.23,84.03
江苏,2017,东部,375.24,1.8887,65.38,34.62,134541.0,11.3,21.64,95.73,148.55,84.86
江苏,2018,东部,367.21,1.9693,66.32,33.68,138590.0,11.35,21.58,102.03,154.63,86.28
江苏,2019,东部,434.34,2.1663,68.42,31.58,132399.0,11.61,22.22,105.18,159.58,87.29
江苏,2020,东部,359.6,2.1721,68.48,31.52,150142.0,11.63,21.34,85.53,159.97,89.18
江苏,2021,东部,440.67,2.1765,68.52,31.48,155227.0,11.71,21.39,95.78,164.83,89.35
江苏,2022,东部,484.74,2.3768,70.39,29.61,151736.0,11.67,21.94,90.48,170.02,91.67
浙江,2010,东部,358.66,1.5954,61.47,38.53,104617.0,10.9,22.74,75.94,136.73,83.87
浙江,2011,东部,307.4,1.6979,62.93,37.07,113925.0,10.63,26.18,89.82,142.15,85.34
浙江,2012,东部,309.54,1.7879,64.13,35.87,114730.0,11.07,25.68,98.46,149.85,87.34
浙江,2013,东部,382.6,1.8268,64.62,35.38,122221.0,11.12,25.72,108.02,144.4,88.6
浙江,2014,东部,310.12,1.8805,65.28,34.72,131297.0,10.81,25.01,111.3,150.88,88.48
浙江,2015,东部,438.33,1.8865,65.36,34.64,129915.0,11.04,24.91,85.03,151.7,89.63
浙江,2016,东部,393.96,2.2084,68.83,31.17,147080.0,11.26,26.02,102.52,155.95,90.48
浙江,2017,东部,416.92,2.0236,66.93,33.07,158957.0,11.57,24.13,106.28,158.05,92.42
浙江,2018,东部,450.19,2.2938,69.64,30.36,163406.0,11.24,25.94,96.23,162.25,94.14
浙江,2019,东部,427.57,2.3688,70.32,29.68,171976.0,11.39,26.15,110.82,167.9,94.61
浙江,2020,东部,489.71,2.3175,69.86,30.14,178139.0,11.45,25.02,87.95,173.48,95.0
浙江,2021,东部,453.68,2.4747,71.22,28.78,162433.0,11.56,26.59,102.91,173.11,95.0
浙江,2022,东部,526.28,2.4806,71.27,28.73,185072.0,11.87,25.62,92.63,178.52,95.0
安徽,2010,中部,139.89,1.0094,50.23,49.77,56869.0,9.22,14.71,51.42,78.94,60.71
安徽,2011,中部,144.31,1.0685,51.65,48.35,61598.0,8.82,14.63,50.92,81.98,63.26
安徽,2012,中部,171.78,1.0897,52.15,47.85,70183.0,9.21,15.11,55.49,86.9,64.46
安徽,2013,中部,180.03,1.128,53.01,46.99,72502.0,9.38,16.5,58.7,86.94,64.73
安徽,2014,中部,201.21,1.1356,53.17,46.83,68556.0,9.35,15.36,54.07,90.53,65.52
安徽,2015,中部,189.34,1.2646,55.84,44.16,81737.0,9.47,16.44,61.48,93.08,66.72
安徽,2016,中部,208.11,1.3224,56.94,43.06,91497.0,9.6,16.44,61.45,97.96,68.16
安徽,2017,中部,214.31,1.382,58.02,41.98,95373.0,9.66,15.88,55.78,101.42,69.36
安徽,2018,中部,201.71,1.3278,57.04,42.96,93334.0,9.68,17.06,59.18,105.7,70.93
安徽,2019,中部,208.75,1.5061,60.1,39.9,92757.0,9.68,16.81,68.67,109.08,72.82
安徽,2020,中部,201.58,1.492,59.87,40.13,95683.0,9.77,15.89,52.33,113.91,73.66
安徽,2021,中部,205.92,1.5957,61.48,38.52,92071.0,9.93,14.79,50.22,114.71,74.76
安徽,2022,中部,273.63,1.6285,61.95,38.05,103520.0,10.1,14.94,57.78,116.67,75.83
福建,2010,东部,296.17,1.5191,60.3,39.7,89499.0,10.95,21.15,77.16,138.46,80.18
福建,2011,东部,308.38,1.5432,60.68,39.32,102766.0,11.07,23.13,81.2,142.0,82.0
福建,2012,东部,330.55,1.6623,62.44,37.56,106411.0,11.26,23.18,88.73,140.97,83.03
福建,2013,东部,337.64,1.834,64.71,35.29,104552.0,11.41,22.25,83.17,143.59,84.69
福建,2014,东部,348.01,1.9351,65.93,34.07,120188.0,11.42,19.94,99.6,150.35,85.59
福建,2015,东部,370.34,1.9431,66.02,33.98,124193.0,11.73,21.7,90.98,154.46,86.27
福建,2016,东部,379.05,1.9669,66.29,33.71,125423.0,11.69,23.13,94.95,155.58,87.97
福建,2017,东部,402.77,2.1228,67.98,32.02,134560.0,11.76,23.3,94.63,161.24,89.22
福建,2018,东部,468.22,2.0737,67.47,32.53,147568.0,11.61,22.35,97.58,163.18,91.48
福建,2019,东部,449.66,2.2095,68.84,31.16,151964.0,11.65,22.84,98.61,168.59,91.28
福建,2020,东部,397.41,2.1002,67.74,32.26,135788.0,12.04,23.57,73.8,167.59,92.33
福建,2021,东部,470.27,2.363,70.26,29.74,156457.0,12.09,23.81,83.29,169.45,93.58
福建,2022,东部,545.02,2.4454,70.98,29.02,164387.0,12.12,24.02,85.68,180.29,95.0
江西,2010,中部,183.54,1.1383,53.23,46.77,67347.0,9.45,16.47,56.15,85.3,65.5
江西,2011,中部,213.49,1.1644,53.8,46.2,76801.0,9.61,17.7,59.41,89.35,66.36
江西,2012,中部,205.73,1.3504,57.45,42.55,83447.0,9.71,15.76,62.42,93.09,67.13
江西,2013,中部,243.43,1.2563,55.68,44.32,87515.0,9.74,17.14,55.39,91.98,69.31
江西,2014,中部,237.69,1.388,58.12,41.88,83801.0,9.79,14.89,67.67,99.16,70.38
江西,2015,中部,248.43,1.4436,59.08,40.92,96131.0,9.9,16.62,69.82,99.83,70.43
江西,2016,中部,251.88,1.4141,58.58,41.42,100292.0,10.09,16.52,68.89,103.51,72.37
江西,2017,中部,263.93,1.5224,60.35,39.65,100431.0,10.04,17.45,67.77,106.38,73.35
江西,2018,中部,283.89,1.5146,60.23,39.77,115331.0,10.35,16.8,64.45,113.08,74.52
江西,2019,中部,270.54,1.6004,61.54,38.46,103649.0,10.26,16.3,74.92,111.29,75.54
江西,2020,中部,297.06,1.6847,62.75,37.25,109437.0,10.43,17.01,61.12,120.48,76.8
江西,2021,中部,254.75,1.7716,63.92,36.08,106816.0,10.49,17.03,56.45,124.37,79.53
江西,2022,中部,311.12,1.7563,63.72,36.28,111700.0,10.29,16.65,66.67,126.15,79.8
山东,2010,东部,245.7,1.3395,57.26,42.74,86519.0,10.84,18.17,85.74,128.66,79.01
山东,2011,东部,316.5,1.513,60.21,39.79,95571.0,10.78,20.1,86.02,130.44,80.13
山东,2012,东部,306.24,1.4461,59.12,40.88,104463.0,10.89,18.72,93.83,132.04,81.81
山东,2013,东部,291.47,1.5685,61.07,38.93,105334.0,10.88,19.79,88.62,132.06,82.09
山东,2014,东部,363.72,1.6322,62.01,37.99,113577.0,10.95,19.01,91.64,138.75,83.93
山东,2015,东部,377.87,1.5708,61.1,38.9,124222.0,11.05,20.43,102.89,141.85,84.9
山东,2016,东部,371.92,1.6999,62.96,37.04,125522.0,11.25,18.8,103.29,147.5,86.69
山东,2017,东部,417.45,1.8847,65.33,34.67,128529.0,11.16,19.85,105.58,149.56,86.84
山东,2018,东部,391.01,1.7495,63.63,36.37,125512.0,11.2,21.49,94.05,151.54,88.85
山东,2019,东部,386.91,1.9038,65.56,34.44,144539.0,11.58,21.56,113.07,156.3,90.5
山东,2020,东部,416.85,1.7755,63.97,36.03,146257.0,11.57,20.14,84.18,162.01,90.98
山东,2021,东部,405.34,1.9084,65.62,34.38,161988.0,11.62,20.08,89.93,164.63,92.04
山东,2022,东部,484.35,2.1228,67.98,32.02,160213.0,11.59,21.2,96.99,166.44,93.16
河南,2010,中部,127.66,1.2499,55.55,44.45,65472.0,9.5,18.27,53.98,79.35,58.7
河南,2011,中部,126.53,1.2055,54.66,45.34,68521.0,9.34,16.57,57.12,82.05,58.95
河南,2012,中部,165.56,1.4441,59.09,40.91,73923.0,9.39,17.13,64.83,82.14,60.8
河南,2013,中部,182.66,1.3704,57.81,42.19,75714.0,9.63,17.11,66.03,88.93,62.42
河南,2014,中部,204.68,1.3829,58.04,41.96,79508.0,9.66,15.94,70.79,95.17,63.43
河南,2015,中部,192.88,1.5042,60.07,39.93,86298.0,9.89,17.08,68.2,95.8,64.74
河南,2016,中部,198.95,1.5395,60.62,39.38,94429.0,9.65,18.46,63.55,99.36,64.94
河南,2017,中部,231.1,1.5579,60.91,39.09,95324.0,9.81,17.94,62.65,98.62,66.15
河南,2018,中部,222.78,1.6534,62.31,37.69,95899.0,9.82,17.38,59.77,105.82,68.27
河南,2019,中部,232.46,1.5621,60.97,39.03,105235.0,9.96,17.35,60.49,111.09,68.57
河南,2020,中部,196.88,1.7885,64.14,35.86,115567.0,10.01,17.53,59.05,115.55,70.71
河南,2021,中部,237.26,1.8286,64.65,35.35,117296.0,10.07,16.81,60.84,117.85,71.28
河南,2022,中部,275.14,1.793,64.2,35.8,110575.0,10.26,18.6,63.4,123.06,73.21
湖北,2010,中部,190.74,0.9423,48.52,51.48,62266.0,9.27,16.6,57.84,81.02,56.98
湖北,2011,中部,208.12,1.0994,52.37,47.63,62636.0,9.33,16.9,60.74,81.27,58.5
湖北,2012,中部,210.86,1.1271,52.99,47.01,68998.0,9.55,16.52,63.41,89.44,60.48
湖北,2013,中部,227.92,1.2225,55.01,44.99,74680.0,9.48,17.4,60.81,91.73,60.48
湖北,2014,中部,218.2,1.254,55.63,44.37,80676.0,9.44,16.28,58.58,92.59,62.46
湖北,2015,中部,258.24,1.2809,56.16,43.84,85381.0,9.81,17.18,64.93,97.15,63.07
湖北,2016,中部,250.1,1.3408,57.28,42.72,83103.0,9.74,16.52,67.39,99.59,65.14
湖北,2017,中部,230.7,1.3373,57.22,42.78,95803.0,9.9,17.4,68.29,106.03,66.82
湖北,2018,中部,311.86,1.4364,58.96,41.04,91625.0,9.97,18.0,64.91,109.84,66.83
湖北,2019,中部,303.36,1.4717,59.54,40.46,98225.0,10.06,18.16,74.03,109.77,67.75
湖北,2020,中部,223.71,1.3938,58.23,41.77,98812.0,10.2,18.95,62.01,115.05,68.81
湖北,2021,中部,292.15,1.4289,58.83,41.17,99254.0,10.26,18.14,61.88,123.76,70.18
湖北,2022,中部,342.43,1.5335,60.53,39.47,103414.0,10.26,19.87,58.24,125.33,71.95
湖南,2010,中部,155.54,1.126,52.96,47.04,60648.0,9.35,15.6,52.11,72.04,54.89
湖南,2011,中部,153.68,1.1814,54.16,45.84,72031.0,9.64,13.53,52.98,78.38,56.24
湖南,2012,中部,150.21,1.3816,58.01,41.99,74048.0,9.68,16.14,60.77,80.78,56.48
湖南,2013,中部,156.39,1.4,58.33,41.67,69381.0,9.8,15.12,53.67,86.33,57.27
湖南,2014,中部,203.78,1.4464,59.12,40.88,78704.0,9.85,15.88,62.2,89.77,58.97
湖南,2015,中部,187.12,1.3645,57.71,42.29,87919.0,9.93,15.97,57.44,91.41,61.13
湖南,2016,中部,217.95,1.4717,59.54,40.46,82596.0,10.12,14.56,64.08,94.98,61.58
湖南,2017,中部,227.32,1.5607,60.95,39.05,89404.0,10.09,15.72,59.11,100.02,62.46
湖南,2018,中部,225.57,1.6467,62.22,37.78,97676.0,10.16,15.61,59.71,102.63,64.15
湖南,2019,中部,198.51,1.6911,62.84,37.16,98720.0,10.25,15.39,61.6,106.68,65.05
湖南,2020,中部,227.15,1.8256,64.61,35.39,94998.0,10.28,15.75,56.67,106.25,66.4
湖南,2021,中部,242.75,1.8418,64.81,35.19,102294.0,10.34,15.5,54.01,112.84,68.36
湖南,2022,中部,235.02,1.798,64.26,35.74,108290.0,10.55,17.95,54.99,117.1,69.18
广东,2010,东部,264.87,1.5541,60.85,39.15,86974.0,10.87,23.43,81.03,130.08,78.92
广东,2011,东部,308.26,1.5514,60.81,39.19,95167.0,11.06,23.45,83.42,128.78,81.45
广东,2012,东部,257.17,1.6702,62.55,37.45,110996.0,11.0,22.49,89.86,132.82,82.7
广东,2013,东部,327.82,1.5608,60.95,39.05,113579.0,11.12,23.69,85.89,136.75,83.43
广东,2014,东部,340.7,1.904,65.57,34.43,117194.0,11.13,22.95,89.64,139.69,84.95
广东,2015,东部,355.28,1.8172,64.5,35.5,123757.0,11.25,23.39,91.05,142.35,86.59
广东,2016,东部,384.17,1.7268,63.33,36.67,120208.0,11.39,24.09,85.45,146.15,86.81
广东,2017,东部,393.75,1.9488,66.09,33.91,141842.0,11.54,24.84,89.53,149.23,88.11
广东,2018,东部,352.87,2.0468,67.18,32.82,128136.0,11.54,23.77,103.7,154.67,89.28
广东,2019,东部,439.92,1.9095,65.63,34.37,147946.0,11.58,24.01,100.04,157.92,90.41
广东,2020,东部,430.06,2.1228,67.98,32.02,157368.0,11.84,24.28,78.98,157.93,91.44
广东,2021,东部,424.5,2.1068,67.81,32.19,149721.0,11.65,24.66,76.82,163.28,93.75
广东,2022,东部,447.14,2.2018,68.77,31.23,154181.0,11.95,23.52,91.42,166.68,94.43
广西,2010,西部,137.76,1.0901,52.16,47.84,50641.0,8.78,17.65,47.39,64.42,48.12
广西,2011,西部,150.41,1.1146,52.71,47.29,57659.0,8.85,18.56,52.36,72.81,50.21
广西,2012,西部,172.6,1.161,53.73,46.27,55281.0,8.91,16.77,49.71,73.56,50.5
广西,2013,西部,176.16,1.2228,55.01,44.99,63671.0,9.06,18.26,55.2,79.72,52.76
广西,2014,西部,193.15,1.3148,56.8,43.2,63829.0,9.19,18.7,47.75,83.84,52.89
广西,2015,西部,181.12,1.3048,56.61,43.39,71205.0,9.12,17.03,50.84,84.3,54.68
广西,2016,西部,216.4,1.3133,56.77,43.23,74239.0,9.25,17.17,52.67,89.53,56.36
广西,2017,西部,199.53,1.4731,59.56,40.44,82961.0,9.09,17.77,57.64,89.71,57.46
广西,2018,西部,226.98,1.3701,57.81,42.19,73843.0,9.46,17.58,51.23,99.32,58.0
广西,2019,西部,257.41,1.4591,59.33,40.67,79376.0,9.41,19.87,55.66,100.01,59.73
广西,2020,西部,187.69,1.5813,61.26,38.74,78598.0,9.56,18.78,51.22,102.57,60.27
广西,2021,西部,244.13,1.583,61.29,38.71,82346.0,9.66,19.8,45.67,103.62,61.24
广西,2022,西部,236.25,1.5878,61.36,38.64,84923.0,9.63,18.84,46.24,111.92,63.21
海南,2010,东部,255.41,1.531,60.49,39.51,82685.0,10.16,21.5,73.05,113.49,73.89
海南,2011,东部,248.13,1.5388,60.61,39.39,87966.0,10.21,22.9,75.12,115.73,74.62
海南,2012,东部,264.17,1.5717,61.12,38.88,89186.0,10.56,21.74,71.81,123.16,75.65
海南,2013,东部,284.04,1.6711,62.56,37.44,103654.0,10.45,21.66,72.58,127.25,76.73
海南,2014,东部,288.14,1.737,63.46,36.54,98399.0,10.4,21.16,73.57,128.16,76.71
海南,2015,东部,318.62,2.0247,66.94,33.06,112633.0,10.61,22.57,81.06,132.45,78.38
海南,2016,东部,300.93,1.8379,64.76,35.24,108586.0,10.72,22.1,78.52,136.78,80.01
海南,2017,东部,330.96,1.983,66.48,33.52,113191.0,10.74,23.86,85.01,141.02,81.28
海南,2018,东部,373.81,2.1791,68.54,31.46,121167.0,11.06,21.78,89.5,140.96,83.44
海南,2019,东部,457.36,2.1432,68.19,31.81,129368.0,11.02,22.84,76.91,149.51,82.38
海南,2020,东部,356.56,2.0763,67.49,32.51,133873.0,11.01,22.46,69.16,150.4,85.3
海南,2021,东部,406.2,2.2417,69.15,30.85,130688.0,11.3,24.76,64.96,156.47,86.51
海南,2022,东部,450.9,2.3366,70.03,29.97,141354.0,11.23,23.61,69.36,157.62,86.5
重庆,2010,西部,140.63,0.9673,49.17,50.83,38453.0,8.69,16.8,37.09,50.98,50.44
重庆,2011,西部,151.52,1.0396,50.97,49.03,40670.0,8.6,16.49,36.7,56.76,51.98
重庆,2012,西部,149.03,1.0541,51.32,48.68,47524.0,8.71,18.06,35.95,60.81,52.81
重庆,2013,西部,138.97,1.1323,53.1,46.9,47786.0,8.79,15.54,36.65,65.6,54.71
重庆,2014,西部,166.18,1.1479,53.44,46.56,51111.0,8.69,17.35,39.82,66.32,56.01
重庆,2015,西部,175.62,1.1936,54.41,45.59,53361.0,8.73,16.77,36.17,69.51,57.17
重庆,2016,西部,179.81,1.2744,56.03,43.97,60168.0,9.03,16.29,38.44,74.01,58.1
重庆,2017,西部,197.15,1.2154,54.86,45.14,57741.0,9.02,15.16,41.59,81.85,59.05
重庆,2018,西部,154.5,1.3958,58.26,41.74,57559.0,9.1,17.79,43.47,82.04,59.8
重庆,2019,西部,192.13,1.2994,56.51,43.49,60759.0,9.17,18.48,38.14,85.45,62.42
重庆,2020,西部,206.39,1.5127,60.2,39.8,62096.0,9.32,17.62,37.21,87.81,62.13
重庆,2021,西部,222.82,1.5726,61.13,38.87,64576.0,9.33,19.21,35.02,88.93,63.48
重庆,2022,西部,232.62,1.482,59.71,40.29,69590.0,9.34,17.4,37.52,93.05,64.93
四川,2010,西部,141.32,1.1234,52.91,47.09,42667.0,8.9,16.39,38.46,49.42,53.61
四川,2011,西部,132.4,1.15,53.49,46.51,48258.0,9.12,17.02,38.54,55.99,53.45
四川,2012,西部,160.19,1.1088,52.58,47.42,52956.0,8.91,17.99,41.23,57.3,55.02
四川,2013,西部,160.46,1.1131,52.68,47.32,57095.0,9.02,17.98,40.74,63.88,55.51
四川,2014,西部,170.29,1.2213,54.98,45.02,53259.0,9.12,16.76,42.61,63.23,58.01
四川,2015,西部,160.82,1.3161,56.82,43.18,60207.0,9.05,19.27,42.11,68.72,59.12
四川,2016,西部,180.25,1.3504,57.45,42.55,67319.0,9.24,18.28,45.6,72.16,59.65
四川,2017,西部,183.68,1.3624,57.67,42.33,65395.0,9.28,16.95,42.1,76.15,61.29
四川,2018,西部,203.97,1.4965,59.94,40.06,72737.0,9.3,17.63,45.35,77.94,61.87
四川,2019,西部,216.38,1.3735,57.87,42.13,72694.0,9.26,17.48,47.04,85.03,62.71
四川,2020,西部,194.58,1.4766,59.62,40.38,73782.0,9.73,17.78,40.35,83.62,65.87
四川,2021,西部,217.41,1.5003,60.0,40.0,78484.0,9.76,20.33,42.59,93.7,66.5
四川,2022,西部,254.05,1.5711,61.11,38.89,74951.0,9.82,20.25,42.66,94.38,67.36
贵州,2010,西部,163.89,0.8232,45.15,54.85,53387.0,9.05,16.4,42.16,63.82,54.5
贵州,2011,西部,134.9,1.0193,50.48,49.52,59623.0,8.9,17.01,53.23,66.72,56.37
贵州,2012,西部,175.01,1.0979,52.33,47.67,60907.0,8.93,15.83,45.78,69.78,57.23
贵州,2013,西部,148.28,1.0181,50.45,49.55,68220.0,9.08,17.82,47.8,70.46,59.21
贵州,2014,西部,170.31,0.9941,49.85,50.15,69698.0,9.25,16.69,44.45,76.64,59.59
贵州,2015,西部,204.72,1.1527,53.55,46.45,71782.0,9.35,17.18,42.65,80.79,59.91
贵州,2016,西部,210.78,1.1638,53.79,46.21,80264.0,9.45,16.19,56.01,83.16,61.34
贵州,2017,西部,230.67,1.2867,56.27,43.73,77524.0,9.52,17.03,54.23,86.25,63.48
贵州,2018,西部,237.64,1.2021,54.59,45.41,83030.0,9.59,18.24,59.7,89.67,64.76
贵州,2019,西部,194.52,1.2144,54.84,45.16,83136.0,9.56,17.89,54.18,94.16,65.91
贵州,2020,西部,215.23,1.3745,57.89,42.11,90695.0,9.71,18.77,45.26,97.11,67.22
贵州,2021,西部,242.45,1.4571,59.3,40.7,85222.0,9.87,18.58,49.43,98.98,67.89
贵州,2022,西部,276.86,1.5191,60.3,39.7,89633.0,9.89,17.46,45.44,102.75,68.61
云南,2010,西部,131.64,0.9309,48.21,51.79,41623.0,8.51,14.27,35.88,66.19,50.43
云南,2011,西部,112.72,0.919,47.89,52.11,43342.0,8.82,14.81,34.6,69.19,52.09
云南,2012,西部,146.91,1.0591,51.44,48.56,48418.0,8.82,13.97,39.78,74.31,52.51
云南,2013,西部,180.98,1.0527,51.28,48.72,50293.0,8.99,13.54,42.29,73.21,53.72
云南,2014,西部,184.78,1.0942,52.25,47.75,55085.0,9.15,13.49,40.65,78.94,55.08
云南,2015,西部,168.54,1.2027,54.6,45.4,56309.0,9.04,15.17,44.25,79.8,56.74
云南,2016,西部,175.32,1.1813,54.16,45.84,55706.0,9.14,16.6,38.9,86.51,57.64
云南,2017,西部,189.01,1.2958,56.44,43.56,60106.0,9.27,13.7,40.28,89.82,58.44
云南,2018,西部,185.84,1.3001,56.52,43.48,62406.0,9.34,14.8,47.46,92.0,59.79
云南,2019,西部,213.12,1.3714,57.83,42.17,68404.0,9.34,15.0,45.06,93.2,61.66
云南,2020,西部,192.74,1.2624,55.8,44.2,70441.0,9.64,14.41,36.8,102.39,63.32
云南,2021,西部,226.26,1.4156,58.6,41.4,71312.0,9.56,18.01,39.3,100.14,63.98
云南,2022,西部,222.14,1.4576,59.31,40.69,75782.0,9.69,15.53,39.93,107.04,65.14
西藏,2010,西部,125.81,0.9706,49.25,50.75,47910.0,8.84,14.59,36.87,54.29,48.06
西藏,2011,西部,142.4,0.987,49.67,50.33,51956.0,8.95,15.08,37.32,56.78,49.76
西藏,2012,西部,155.34,0.9765,49.41,50.59,53638.0,9.04,14.53,37.34,57.54,51.08
西藏,2013,西部,158.31,1.046,51.12,48.88,59809.0,9.04,14.25,37.44,64.84,51.96
西藏,2014,西部,158.51,1.0826,51.98,48.02,59548.0,9.27,15.07,37.68,65.52,53.36
西藏,2015,西部,164.82,1.1629,53.77,46.23,66682.0,9.17,15.59,42.18,68.06,54.23
西藏,2016,西部,162.04,1.112,52.65,47.35,67709.0,9.43,14.69,44.72,69.81,55.43
西藏,2017,西部,150.18,1.2309,55.18,44.82,76439.0,9.39,16.43,42.24,77.24,57.08
西藏,2018,西部,183.14,1.3423,57.31,42.69,77486.0,9.57,15.89,40.94,80.1,57.72
西藏,2019,西部,185.94,1.2471,55.5,44.5,76085.0,9.64,14.99,43.38,86.84,59.64
西藏,2020,西部,179.72,1.3413,57.29,42.71,79486.0,9.74,15.4,40.88,90.41,61.01
西藏,2021,西部,200.38,1.4557,59.28,40.72,82759.0,9.72,15.91,35.95,91.92,62.07
西藏,2022,西部,230.56,1.3544,57.53,42.47,79826.0,9.81,15.94,39.36,95.61,63.47
陕西,2010,西部,88.83,0.8424,45.72,54.28,40704.0,8.87,16.28,42.42,63.4,49.96
陕西,2011,西部,92.26,0.8709,46.55,53.45,43896.0,8.89,16.62,40.7,60.92,50.45
陕西,2012,西部,108.16,0.9495,48.7,51.3,47447.0,9.03,18.49,42.48,65.1,52.5
陕西,2013,西部,110.7,0.9646,49.1,50.9,51476.0,9.0,16.56,48.52,68.92,53.89
陕西,2014,西部,105.26,1.0082,50.2,49.8,50854.0,9.18,18.29,49.72,72.41,54.68
陕西,2015,西部,138.44,1.0636,51.54,48.46,55573.0,9.37,17.47,45.29,78.46,55.97
陕西,2016,西部,146.04,1.159,53.68,46.32,57072.0,9.4,17.67,55.28,80.13,56.99
陕西,2017,西部,134.74,1.1497,53.48,46.52,61945.0,9.31,17.06,47.84,85.24,58.42
陕西,2018,西部,142.92,1.2712,55.97,44.03,63232.0,9.36,18.93,46.02,87.58,59.68
陕西,2019,西部,169.14,1.2238,55.03,44.97,67781.0,9.49,18.58,48.58,89.59,60.61
陕西,2020,西部,127.05,1.3086,56.68,43.32,64530.0,9.7,18.59,40.93,95.7,61.8
陕西,2021,西部,161.91,1.2739,56.02,43.98,68912.0,9.67,18.53,45.38,97.56,62.76
陕西,2022,西部,138.65,1.4212,58.7,41.3,72008.0,9.75,19.74,48.89,102.59,64.66
甘肃,2010,西部,118.66,1.0562,51.37,48.63,47545.0,9.09,13.94,45.01,56.4,54.51
甘肃,2011,西部,99.67,1.1094,52.59,47.41,51736.0,9.27,14.89,48.26,56.83,55.67
甘肃,2012,西部,128.31,1.1344,53.15,46.85,56954.0,9.43,15.27,52.59,58.89,58.19
甘肃,2013,西部,134.28,1.193,54.4,45.6,62102.0,9.24,15.44,44.66,65.99,58.54
甘肃,2014,西部,157.76,1.3322,57.12,42.88,62243.0,9.37,16.06,49.4,69.86,59.86
甘肃,2015,西部,179.74,1.3135,56.78,43.22,67404.0,9.49,15.4,55.8,73.31,60.57
甘肃,2016,西部,162.31,1.4566,59.29,40.71,67907.0,9.46,16.05,50.21,75.54,61.99
甘肃,2017,西部,159.51,1.3635,57.69,42.31,74550.0,9.65,16.75,49.5,76.72,63.89
甘肃,2018,西部,178.27,1.5604,60.94,39.06,74072.0,9.73,15.92,56.6,77.91,64.58
甘肃,2019,西部,151.84,1.527,60.43,39.57,81917.0,9.72,15.84,52.47,84.95,65.43
甘肃,2020,西部,171.02,1.6158,61.77,38.23,75848.0,10.05,15.68,43.57,88.81,66.49
甘肃,2021,西部,212.81,1.6808,62.7,37.3,84973.0,9.94,16.53,48.69,95.8,67.88
甘肃,2022,西部,206.28,1.6925,62.86,37.14,80948.0,10.12,16.21,47.07,98.63,69.32
青海,2010,西部,148.78,0.9979,49.95,50.05,50565.0,9.02,16.56,49.67,59.69,57.48
青海,2011,西部,154.37,1.0268,50.66,49.34,54845.0,9.21,16.91,46.12,65.72,59.11
青海,2012,西部,179.91,1.1577,53.65,46.35,56445.0,9.38,16.86,48.53,68.68,59.8
青海,2013,西部,188.72,1.1484,53.45,46.55,59294.0,9.34,16.63,51.94,71.87,61.14
青海,2014,西部,182.05,1.1379,53.23,46.77,66616.0,9.53,15.23,43.28,78.91,62.37
青海,2015,西部,204.75,1.1869,54.27,45.73,69910.0,9.61,17.06,53.44,80.35,62.71
青海,2016,西部,220.51,1.2995,56.51,43.49,67950.0,9.71,16.43,63.33,80.59,65.48
青海,2017,西部,235.9,1.4382,58.99,41.01,76209.0,9.74,16.93,60.0,86.18,65.4
青海,2018,西部,244.45,1.4335,58.91,41.09,82052.0,9.93,17.59,52.74,91.74,66.12
青海,2019,西部,260.78,1.4101,58.51,41.49,81996.0,9.94,17.41,52.81,90.88,67.84
青海,2020,西部,271.41,1.3805,57.99,42.01,83777.0,9.91,17.13,48.71,96.93,69.75
青海,2021,西部,260.04,1.454,59.25,40.75,87518.0,10.09,17.86,49.96,102.52,71.08
青海,2022,西部,251.72,1.5703,61.09,38.91,89802.0,10.18,18.61,53.07,104.49,71.75
宁夏,2010,西部,140.01,0.9944,49.86,50.14,55309.0,9.14,17.04,43.62,65.93,58.55
宁夏,2011,西部,128.58,1.0257,50.63,49.37,57416.0,9.17,17.23,45.06,66.75,60.01
宁夏,2012,西部,168.69,1.0917,52.19,47.81,63023.0,9.34,16.65,45.61,74.42,60.84
宁夏,2013,西部,196.93,1.1151,52.72,47.28,70571.0,9.33,17.3,44.25,76.19,62.28
宁夏,2014,西部,173.13,1.1466,53.41,46.59,72831.0,9.45,18.96,47.5,77.85,62.61
宁夏,2015,西部,234.35,1.1895,54.33,45.67,70891.0,9.43,18.55,48.81,85.25,62.93
宁夏,2016,西部,212.88,1.2798,56.14,43.86,76934.0,9.63,18.88,47.12,89.86,64.93
宁夏,2017,西部,209.47,1.2841,56.22,43.78,88984.0,9.68,17.75,45.56,92.26,67.38
宁夏,2018,西部,216.71,1.3164,56.83,43.17,92317.0,9.85,18.65,48.58,96.45,67.67
宁夏,2019,西部,290.32,1.3264,57.02,42.98,92205.0,9.8,20.29,48.46,95.94,69.34
宁夏,2020,西部,250.82,1.4083,58.48,41.52,93876.0,9.59,19.36,47.46,100.8,69.97
宁夏,2021,西部,227.65,1.4976,59.96,40.04,94705.0,9.88,18.47,44.23,102.07,71.01
宁夏,2022,西部,278.28,1.5754,61.17,38.83,93961.0,9.97,20.6,46.47,110.74,71.81
新疆,2010,西部,129.7,0.9366,48.36,51.64,58821.0,9.01,16.2,53.32,77.99,58.91
新疆,2011,西部,136.15,1.0218,50.54,49.46,57903.0,9.01,16.45,52.31,79.47,61.1
新疆,2012,西部,153.54,0.9794,49.48,50.52,56145.0,9.39,16.02,56.12,78.87,60.81
新疆,2013,西部,145.61,1.0421,51.03,48.97,68515.0,9.23,17.26,54.78,85.67,62.42
新疆,2014,西部,169.62,1.1761,54.05,45.95,74470.0,9.54,16.06,56.81,92.85,63.9
新疆,2015,西部,182.02,1.1005,52.39,47.61,75961.0,9.4,15.16,56.23,93.96,65.27
新疆,2016,西部,167.24,1.1404,53.28,46.72,79435.0,9.36,15.91,56.45,97.44,65.29
新疆,2017,西部,192.79,1.1889,54.32,45.68,84918.0,9.5,16.27,55.3,102.64,67.96
新疆,2018,西部,187.6,1.143,53.34,46.66,82234.0,9.76,17.47,55.72,106.02,68.4
新疆,2019,西部,194.07,1.2624,55.8,44.2,88137.0,9.87,17.4,55.94,106.47,69.22
新疆,2020,西部,204.12,1.2503,55.56,44.44,97222.0,9.76,18.12,50.7,110.51,70.49
新疆,2021,西部,203.64,1.3647,57.71,42.29,91438.0,9.86,17.98,49.76,114.59,71.76
新疆,2022,西部,223.04,1.3588,57.6,42.4,97381.0,9.88,17.18,54.65,117.51,74.06
