province,year,region,prov_id,fdi,ts_ratio,tertiary_share,secondary_share,pgdp,human_cap,gov_exp,openness,infra,urban,ln_fdi,ln_ts_ratio,ln_pgdp,ln_infra
"上海",2010,"东部","上海",293.72,1.354,57.52,42.48,77137,10.48,22.19,78.09,127.73,80.22,5.682627,.3030632,11.25334,4.849919
"上海",2011,"东部","上海",320.98,1.4935,59.9,40.1,92949,10.62,23.18,79.89,131.19,81,5.771379,.4011224,11.43981,4.876647
"上海",2012,"东部","上海",267.69,1.5318,60.5,39.5,100821,10.67,23.1,81.48,134.27,81.92,5.589829,.4264435,11.5211,4.899853
"上海",2013,"东部","上海",318.24,1.6146,61.75,38.25,102870,10.66,23.49,94.83,134.27,84.06,5.762806,.4790872,11.54122,4.899853
"上海",2014,"东部","上海",341.06,1.739,63.49,36.51,112407,10.8,23.41,95.21,137.09,84.81,5.832058,.5533102,11.62988,4.920638
"上海",2015,"东部","上海",357.44,1.6569,62.36,37.64,118171,10.91,23.68,97.91,143.79,85.88,5.878967,.5049484,11.67989,4.968354
"上海",2016,"东部","上海",417.01,1.8479,64.89,35.11,122802,11.14,24.02,99.08,150.52,87.44,6.03311,.6140499,11.71833,5.014096
"上海",2017,"东部","上海",392.2,1.7928,64.19,35.81,136259,11.22,23.79,96.3,152.12,88.96,5.971772,.5837786,11.82231,5.02467
"上海",2018,"东部","上海",426.73,1.9598,66.21,33.79,132535,11.25,23.66,98.55,152.84,89.43,6.056151,.6728424,11.7946,5.029392
"上海",2019,"东部","上海",400.54,1.9992,66.66,33.34,135237,11.18,24.59,96.02,159.26,91.1,5.992814,.6927471,11.81478,5.070538
"上海",2020,"东部","上海",404.78,2.0107,66.79,33.21,146172,11.27,26.05,85.41,161.18,91.82,6.003344,.6984829,11.89254,5.082522
"上海",2021,"东部","上海",390.55,2.1894,68.65,31.35,146128,11.28,25.05,84.21,166.18,93.79,5.967556,.7836275,11.89224,5.113071
"上海",2022,"东部","上海",444.21,2.1731,68.49,31.51,139198,11.56,24.41,89.51,166.95,94.69,6.096297,.7761547,11.84365,5.117694
"云南",2010,"西部","云南",131.64,.9309,48.21,51.79,41623,8.51,14.27,35.88,66.19,50.43,4.880071,-.0716034,10.63641,4.192529
"云南",2011,"西部","云南",112.72,.919,47.89,52.11,43342,8.82,14.81,34.6,69.19,52.09,4.724907,-.0844691,10.67688,4.236856
"云南",2012,"西部","云南",146.91,1.0591,51.44,48.56,48418,8.82,13.97,39.78,74.31,52.51,4.98982,.0574195,10.78763,4.308246
"云南",2013,"西部","云南",180.98,1.0527,51.28,48.72,50293,8.99,13.54,42.29,73.21,53.72,5.198387,.0513583,10.82562,4.293332
"云南",2014,"西部","云南",184.78,1.0942,52.25,47.75,55085,9.15,13.49,40.65,78.94,55.08,5.219166,.0900235,10.91663,4.368688
"云南",2015,"西部","云南",168.54,1.2027,54.6,45.4,56309,9.04,15.17,44.25,79.8,56.74,5.127173,.184569,10.93861,4.379524
"云南",2016,"西部","云南",175.32,1.1813,54.16,45.84,55706,9.14,16.6,38.9,86.51,57.64,5.166613,.1666156,10.92784,4.46026
"云南",2017,"西部","云南",189.01,1.2958,56.44,43.56,60106,9.27,13.7,40.28,89.82,58.44,5.2418,.2591282,11.00387,4.497808
"云南",2018,"西部","云南",185.84,1.3001,56.52,43.48,62406,9.34,14.8,47.46,92,59.79,5.224886,.2624412,11.04142,4.521789
"云南",2019,"西部","云南",213.12,1.3714,57.83,42.17,68404,9.34,15,45.06,93.2,61.66,5.361856,.3158321,11.13319,4.534748
"云南",2020,"西部","云南",192.74,1.2624,55.8,44.2,70441,9.64,14.41,36.8,102.39,63.32,5.261342,.2330147,11.16253,4.628789
"云南",2021,"西部","云南",226.26,1.4156,58.6,41.4,71312,9.56,18.01,39.3,100.14,63.98,5.421685,.3475534,11.17482,4.606569
"云南",2022,"西部","云南",222.14,1.4576,59.31,40.69,75782,9.69,15.53,39.93,107.04,65.14,5.403308,.3767912,11.23562,4.673203
"内蒙古",2010,"西部","内蒙古",97.07,1.0533,51.3,48.7,55727,9.26,15.36,49.27,59.61,50.56,4.575432,.0519281,10.92822,4.087823
"内蒙古",2011,"西部","内蒙古",101.41,1.0977,52.33,47.67,57032,9.31,15.72,51.85,59.97,53.62,4.619172,.0932171,10.95137,4.093844
"内蒙古",2012,"西部","内蒙古",125.27,1.1185,52.8,47.2,59047,9.43,16.52,51.19,58.62,55.39,4.830472,.1119885,10.98609,4.071076
"内蒙古",2013,"西部","内蒙古",137.45,1.3464,57.38,42.62,67781,9.39,16.24,51.8,67.34,55.36,4.92326,.2974344,11.12404,4.209754
"内蒙古",2014,"西部","内蒙古",138.81,1.249,55.54,44.46,68163,9.64,15.73,53.72,70.99,57.56,4.933106,.2223432,11.12966,4.262539
"内蒙古",2015,"西部","内蒙古",158.96,1.3597,57.62,42.38,73333,9.56,16.91,50.29,76.2,58.51,5.068653,.3072641,11.20277,4.333362
"内蒙古",2016,"西部","内蒙古",111.88,1.4557,59.28,40.72,77054,9.7,16.79,59.53,79.44,59.64,4.717427,.3754869,11.25226,4.375002
"内蒙古",2017,"西部","内蒙古",150.36,1.4064,58.44,41.56,78821,9.86,18.06,61.86,84.39,60.03,5.013032,.3410332,11.27493,4.435449
"内蒙古",2018,"西部","内蒙古",193.51,1.4614,59.37,40.63,81254,9.8,17.11,44.59,84.31,62.23,5.265329,.3793949,11.30534,4.4345
"内蒙古",2019,"西部","内蒙古",180.39,1.5615,60.96,39.04,86161,9.97,17.7,58.44,90.11,62.82,5.195121,.4456469,11.36397,4.501031
"内蒙古",2020,"西部","内蒙古",131.02,1.6889,62.81,37.19,86481,10.04,16.48,49.64,94.58,64.62,4.87535,.5240774,11.36768,4.549446
"内蒙古",2021,"西部","内蒙古",186.61,1.5519,60.81,39.19,89391,10.27,18.26,48.34,98.83,64.95,5.229021,.43948,11.40077,4.593401
"内蒙古",2022,"西部","内蒙古",168.34,1.6984,62.94,37.06,91461,10.29,16.97,50.01,96.46,65.85,5.125986,.5296866,11.42367,4.569129
"北京",2010,"东部","北京",300.84,1.4496,59.18,40.82,96162,11.33,23.61,103.17,136.45,83.96,5.706579,.3712876,11.47379,4.915958
"北京",2011,"东部","北京",352.45,1.5926,61.43,38.57,97565,11.05,25.49,97.07,135.07,86.92,5.864909,.4653679,11.48827,4.905793
"北京",2012,"东部","北京",313.33,1.5463,60.73,39.27,107468,11.39,22.74,109.62,143.48,86.95,5.747257,.435865,11.58495,4.966196
"北京",2013,"东部","北京",334,1.6,61.54,38.46,119945,11.4,24.04,105.37,145.96,87.99,5.811141,.4700036,11.69479,4.983333
"北京",2014,"东部","北京",391.63,1.6271,61.94,38.06,127305,11.36,24.53,100.55,147.58,89.04,5.970317,.4867993,11.75434,4.99437
"北京",2015,"东部","北京",397.22,1.7834,64.07,35.93,134456,11.49,23.58,102.85,154.52,90.62,5.98449,.5785217,11.80899,5.040324
"北京",2016,"东部","北京",387.54,1.8637,65.08,34.92,128228,11.74,24,110.9,156.96,91.39,5.959819,.6225638,11.76157,5.055991
"北京",2017,"东部","北京",393.58,1.9155,65.7,34.3,133604,11.71,24.58,127.36,165.37,92.33,5.975284,.6499787,11.80264,5.108185
"北京",2018,"东部","北京",446.11,1.9679,66.31,33.69,149398,11.68,25.67,124.86,166.84,94.07,6.100565,.676967,11.91437,5.117035
"北京",2019,"东部","北京",417.58,1.9235,65.79,34.21,155819,11.87,24.38,115.17,169.46,94.7,6.034476,.6541464,11.95645,5.132617
"北京",2020,"东部","北京",427.58,2.197,68.72,31.28,144464,11.99,25.2,96.73,174.84,95,6.058141,.7870928,11.88079,5.163871
"北京",2021,"东部","北京",444.46,2.242,69.15,30.85,162155,12.15,25.5,104.29,174.57,95,6.09686,.8073684,11.99631,5.162326
"北京",2022,"东部","北京",551.26,2.3993,70.58,29.42,162101,12.01,25.65,106.58,176.24,95,6.312207,.8751771,11.99597,5.171847
"吉林",2010,"中部","吉林",170.55,1.1875,54.28,45.72,60079,9.78,18.94,58.76,79.42,62.32,5.139029,.1718503,11.00342,4.37475
"吉林",2011,"中部","吉林",174.23,1.2831,56.2,43.8,67515,9.91,19.51,55.29,83.28,63.93,5.160376,.249279,11.1201,4.422208
"吉林",2012,"中部","吉林",175.15,1.1754,54.03,45.97,76358,10.11,19.75,58.71,88.16,65.99,5.165643,.1616085,11.24319,4.479153
"吉林",2013,"中部","吉林",188.36,1.3093,56.7,43.3,78193,10.07,19.61,62.47,90.75,65.57,5.238355,.2694926,11.26694,4.508109
"吉林",2014,"中部","吉林",212.81,1.4416,59.04,40.96,79815,10.15,20.32,62.81,92.36,67.01,5.3604,.3657536,11.28747,4.525694
"吉林",2015,"中部","吉林",229.83,1.3805,57.99,42.01,79820,10.11,21.01,60.22,102.18,68.22,5.43734,.3224457,11.28753,4.626736
"吉林",2016,"中部","吉林",228.05,1.4067,58.45,41.55,90919,10.16,21.31,65.36,102.56,70.1,5.429565,.3412465,11.41772,4.630448
"吉林",2017,"中部","吉林",257.29,1.4253,58.77,41.23,89468,10.44,20.53,67.1,103.69,70.62,5.550204,.3543823,11.40164,4.641406
"吉林",2018,"中部","吉林",251.37,1.646,62.21,37.79,94972,10.45,21.15,67.54,105.78,72.57,5.526926,.4983481,11.46134,4.661361
"吉林",2019,"中部","吉林",226.37,1.545,60.71,39.29,94527,10.38,21.31,62.78,110.9,73.28,5.422171,.4350239,11.45664,4.708629
"吉林",2020,"中部","吉林",243.98,1.6471,62.22,37.78,103504,10.63,21.55,59.43,117.38,74.69,5.497086,.4990161,11.54737,4.765417
"吉林",2021,"中部","吉林",268.7,1.676,62.63,37.37,110983,10.62,21.62,59.54,115.81,75.35,5.593596,.51641,11.61713,4.751951
"吉林",2022,"中部","吉林",258.09,1.7307,63.38,36.62,103203,10.72,21.22,59.06,123.73,77.57,5.553308,.548526,11.54445,4.818102
"四川",2010,"西部","四川",141.32,1.1234,52.91,47.09,42667,8.9,16.39,38.46,49.42,53.61,4.951027,.1163598,10.66118,3.900355
"四川",2011,"西部","四川",132.4,1.15,53.49,46.51,48258,9.12,17.02,38.54,55.99,53.45,4.885828,.1397619,10.78432,4.025173
"四川",2012,"西部","四川",160.19,1.1088,52.58,47.42,52956,8.91,17.99,41.23,57.3,55.02,5.076361,.1032784,10.87722,4.048301
"四川",2013,"西部","四川",160.46,1.1131,52.68,47.32,57095,9.02,17.98,40.74,63.88,55.51,5.078045,.107149,10.95247,4.157006
"四川",2014,"西部","四川",170.29,1.2213,54.98,45.02,53259,9.12,16.76,42.61,63.23,58.01,5.137503,.1999159,10.88292,4.146779
"四川",2015,"西部","四川",160.82,1.3161,56.82,43.18,60207,9.05,19.27,42.11,68.72,59.12,5.080286,.2746728,11.00554,4.23004
"四川",2016,"西部","四川",180.25,1.3504,57.45,42.55,67319,9.24,18.28,45.6,72.16,59.65,5.194345,.3004008,11.1172,4.278886
"四川",2017,"西部","四川",183.68,1.3624,57.67,42.33,65395,9.28,16.95,42.1,76.15,61.29,5.213195,.3092479,11.0882,4.332705
"四川",2018,"西部","四川",203.97,1.4965,59.94,40.06,72737,9.3,17.63,45.35,77.94,61.87,5.317973,.4031291,11.19461,4.355939
"四川",2019,"西部","四川",216.38,1.3735,57.87,42.13,72694,9.26,17.48,47.04,85.03,62.71,5.377036,.3173622,11.19401,4.443004
"四川",2020,"西部","四川",194.58,1.4766,59.62,40.38,73782,9.73,17.78,40.35,83.62,65.87,5.270844,.3897422,11.20887,4.426283
"四川",2021,"西部","四川",217.41,1.5003,60,40,78484,9.76,20.33,42.59,93.7,66.5,5.381785,.4056651,11.27065,4.540098
"四川",2022,"西部","四川",254.05,1.5711,61.11,38.89,74951,9.82,20.25,42.66,94.38,67.36,5.537531,.451776,11.22459,4.547329
"天津",2010,"东部","天津",364.09,1.6705,62.55,37.45,82323,10.64,20.53,87.19,134.83,82.73,5.897401,.513123,11.31841,4.904015
"天津",2011,"东部","天津",290.17,1.7268,63.33,36.67,98106,10.84,22.11,90.83,138.36,83.75,5.670467,.54627,11.4938,4.929859
"天津",2012,"东部","天津",320,1.8008,64.3,35.7,100602,10.84,20.48,94.27,143.84,84.61,5.768321,.588231,11.51893,4.968701
"天津",2013,"东部","天津",370.03,1.9104,65.64,34.36,110970,10.93,21.53,96.29,145.56,86.49,5.913584,.6473126,11.61701,4.980588
"天津",2014,"东部","天津",405.95,1.7826,64.06,35.94,113608,10.98,20.1,91.22,145.92,86.32,6.00623,.578073,11.64051,4.983058
"天津",2015,"东部","天津",384.33,2.0722,67.45,32.55,128403,10.87,23.03,108.92,150.61,88.26,5.951501,.7286109,11.76293,5.014694
"天津",2016,"东部","天津",339.81,1.9871,66.52,33.48,125289,11.16,22.06,90.77,154.37,89.75,5.828387,.6866763,11.73838,5.039352
"天津",2017,"东部","天津",421.28,2.0772,67.5,32.5,139262,11.27,22.21,95.53,159.38,90.91,6.043298,.7310208,11.84411,5.071291
"天津",2018,"东部","天津",496.74,2.0931,67.67,32.33,138604,11.28,23.38,98.58,160.8,92.77,6.208067,.7386463,11.83938,5.080162
"天津",2019,"东部","天津",461.36,2.2809,69.52,30.48,144705,11.48,22.51,98.57,160.82,93.44,6.134179,.8245701,11.88245,5.080286
"天津",2020,"东部","天津",400.32,2.2319,69.06,30.94,148008,11.3,22.25,85.25,166.23,94.24,5.992264,.8028532,11.90502,5.113372
"天津",2021,"东部","天津",523.13,2.3845,70.45,29.55,159382,11.62,22.21,102.75,173.47,95,6.25983,.8689895,11.97906,5.156005
"天津",2022,"东部","天津",531.59,2.521,71.6,28.4,148565,11.5,23.35,95.77,177.41,95,6.275873,.9246556,11.90878,5.178463
"宁夏",2010,"西部","宁夏",140.01,.9944,49.86,50.14,55309,9.14,17.04,43.62,65.93,58.55,4.941714,-.0056157,10.92069,4.188593
"宁夏",2011,"西部","宁夏",128.58,1.0257,50.63,49.37,57416,9.17,17.23,45.06,66.75,60.01,4.856551,.0253753,10.95808,4.200954
"宁夏",2012,"西部","宁夏",168.69,1.0917,52.19,47.81,63023,9.34,16.65,45.61,74.42,60.84,5.128063,.0877361,11.05126,4.309725
"宁夏",2013,"西部","宁夏",196.93,1.1151,52.72,47.28,70571,9.33,17.3,44.25,76.19,62.28,5.282848,.1089441,11.16437,4.33323
"宁夏",2014,"西部","宁夏",173.13,1.1466,53.41,46.59,72831,9.45,18.96,47.5,77.85,62.61,5.154043,.136801,11.1959,4.354784
"宁夏",2015,"西部","宁夏",234.35,1.1895,54.33,45.67,70891,9.43,18.55,48.81,85.25,62.93,5.456816,.173533,11.1689,4.445588
"宁夏",2016,"西部","宁夏",212.88,1.2798,56.14,43.86,76934,9.63,18.88,47.12,89.86,64.93,5.360729,.2467039,11.2507,4.498253
"宁夏",2017,"西部","宁夏",209.47,1.2841,56.22,43.78,88984,9.68,17.75,45.56,92.26,67.38,5.344581,.2500581,11.39621,4.524611
"宁夏",2018,"西部","宁夏",216.71,1.3164,56.83,43.17,92317,9.85,18.65,48.58,96.45,67.67,5.37856,.2749008,11.43298,4.569025
"宁夏",2019,"西部","宁夏",290.32,1.3264,57.02,42.98,92205,9.8,20.29,48.46,95.94,69.34,5.670984,.2824685,11.43177,4.563723
"宁夏",2020,"西部","宁夏",250.82,1.4083,58.48,41.52,93876,9.59,19.36,47.46,100.8,69.97,5.524735,.3423833,11.44973,4.613138
"宁夏",2021,"西部","宁夏",227.65,1.4976,59.96,40.04,94705,9.88,18.47,44.23,102.07,71.01,5.427809,.4038638,11.45852,4.625659
"宁夏",2022,"西部","宁夏",278.28,1.5754,61.17,38.83,93961,9.97,20.6,46.47,110.74,71.81,5.628628,.4545092,11.45063,4.707185
"安徽",2010,"中部","安徽",139.89,1.0094,50.23,49.77,56869,9.22,14.71,51.42,78.94,60.71,4.940856,.0093561,10.94851,4.368688
"安徽",2011,"中部","安徽",144.31,1.0685,51.65,48.35,61598,8.82,14.63,50.92,81.98,63.26,4.971964,.0662558,11.02838,4.406476
"安徽",2012,"中部","安徽",171.78,1.0897,52.15,47.85,70183,9.21,15.11,55.49,86.9,64.46,5.146214,.0859024,11.15886,4.464758
"安徽",2013,"中部","安徽",180.03,1.128,53.01,46.99,72502,9.38,16.5,58.7,86.94,64.73,5.193123,.1204462,11.19137,4.465218
"安徽",2014,"中部","安徽",201.21,1.1356,53.17,46.83,68556,9.35,15.36,54.07,90.53,65.52,5.304349,.1271611,11.13541,4.505681
"安徽",2015,"中部","安徽",189.34,1.2646,55.84,44.16,81737,9.47,16.44,61.48,93.08,66.72,5.243544,.2347559,11.31126,4.533459
"安徽",2016,"中部","安徽",208.11,1.3224,56.94,43.06,91497,9.6,16.44,61.45,97.96,68.16,5.338067,.2794482,11.42406,4.584559
"安徽",2017,"中部","安徽",214.31,1.382,58.02,41.98,95373,9.66,15.88,55.78,101.42,69.36,5.367424,.3235317,11.46555,4.61927
"安徽",2018,"中部","安徽",201.71,1.3278,57.04,42.96,93334,9.68,17.06,59.18,105.7,70.93,5.306831,.2835235,11.44394,4.660605
"安徽",2019,"中部","安徽",208.75,1.5061,60.1,39.9,92757,9.68,16.81,68.67,109.08,72.82,5.341137,.4095236,11.43774,4.692081
"安徽",2020,"中部","安徽",201.58,1.492,59.87,40.13,95683,9.77,15.89,52.33,113.91,73.66,5.306186,.4001175,11.4688,4.735409
"安徽",2021,"中部","安徽",205.92,1.5957,61.48,38.52,92071,9.93,14.79,50.22,114.71,74.76,5.327488,.4673125,11.43032,4.742407
"安徽",2022,"中部","安徽",273.63,1.6285,61.95,38.05,103520,10.1,14.94,57.78,116.67,75.83,5.611777,.4876593,11.54752,4.759349
"山东",2010,"东部","山东",245.7,1.3395,57.26,42.74,86519,10.84,18.17,85.74,128.66,79.01,5.504111,.2922964,11.36812,4.857173
"山东",2011,"东部","山东",316.5,1.513,60.21,39.79,95571,10.78,20.1,86.02,130.44,80.13,5.757323,.4140944,11.46762,4.870914
"山东",2012,"东部","山东",306.24,1.4461,59.12,40.88,104463,10.89,18.72,93.83,132.04,81.81,5.724369,.3688703,11.55659,4.883105
"山东",2013,"东部","山东",291.47,1.5685,61.07,38.93,105334,10.88,19.79,88.62,132.06,82.09,5.674937,.4501198,11.56489,4.883256
"山东",2014,"东部","山东",363.72,1.6322,62.01,37.99,113577,10.95,19.01,91.64,138.75,83.93,5.896384,.4899288,11.64024,4.932674
"山东",2015,"东部","山东",377.87,1.5708,61.1,38.9,124222,11.05,20.43,102.89,141.85,84.9,5.93455,.451585,11.72983,4.95477
"山东",2016,"东部","山东",371.92,1.6999,62.96,37.04,125522,11.25,18.8,103.29,147.5,86.69,5.918679,.5305694,11.74024,4.993828
"山东",2017,"东部","山东",417.45,1.8847,65.33,34.67,128529,11.16,19.85,105.58,149.56,86.84,6.034165,.6337686,11.76391,5.007698
"山东",2018,"东部","山东",391.01,1.7495,63.63,36.37,125512,11.2,21.49,94.05,151.54,88.85,5.968733,.55933,11.74016,5.02085
"山东",2019,"东部","山东",386.91,1.9038,65.56,34.44,144539,11.58,21.56,113.07,156.3,90.5,5.958192,.6438519,11.8813,5.051777
"山东",2020,"东部","山东",416.85,1.7755,63.97,36.03,146257,11.57,20.14,84.18,162.01,90.98,6.032726,.5740821,11.89312,5.087658
"山东",2021,"东部","山东",405.34,1.9084,65.62,34.38,161988,11.62,20.08,89.93,164.63,92.04,6.004726,.6462652,11.99528,5.103701
"山东",2022,"东部","山东",484.35,2.1228,67.98,32.02,160213,11.59,21.2,96.99,166.44,93.16,6.182808,.752736,11.98426,5.114635
"山西",2010,"中部","山西",208.16,1.1219,52.87,47.13,62271,9.75,20.53,48.41,88.82,62.78,5.338307,.1150236,11.03925,4.486612
"山西",2011,"中部","山西",198.51,1.1347,53.16,46.84,63302,9.92,21.05,57.43,90.76,65.43,5.29084,.1263682,11.05567,4.508219
"山西",2012,"中部","山西",216,1.1464,53.41,46.59,66008,9.96,19.66,59.53,92.26,65.38,5.375278,.1366266,11.09753,4.524611
"山西",2013,"中部","山西",234.51,1.2078,54.71,45.29,69621,10.23,20.25,62.89,97.97,66.7,5.457498,.1888005,11.15082,4.584661
"山西",2014,"中部","山西",254.69,1.273,56.01,43.99,75066,10.16,19.73,54.38,99.61,67.5,5.540047,.2413763,11.22612,4.601263
"山西",2015,"中部","山西",265.78,1.2409,55.38,44.62,78008,10.28,19.95,53.91,102.94,69.12,5.582669,.215837,11.26457,4.634146
"山西",2016,"中部","山西",252.29,1.3173,56.85,43.15,85316,10.33,21.62,55,104.7,70.08,5.530579,.2755842,11.35412,4.651099
"山西",2017,"中部","山西",296.56,1.5048,60.08,39.92,83034,10.29,21.79,58.07,106.33,71.05,5.69225,.40866,11.32701,4.666547
"山西",2018,"中部","山西",274.57,1.4094,58.5,41.5,89500,10.48,21.6,56.34,114.8,72.09,5.615206,.3431641,11.40199,4.743192
"山西",2019,"中部","山西",314.87,1.5037,60.06,39.94,98082,10.92,22.03,68.16,118.96,73.91,5.75216,.4079287,11.49356,4.778787
"山西",2020,"中部","山西",330.05,1.5578,60.9,39.1,89481,10.48,20.68,57.68,117.66,74.48,5.799244,.4432746,11.40178,4.767799
"山西",2021,"中部","山西",315.68,1.5574,60.9,39.1,100347,10.67,21.89,57.44,123.84,76.13,5.754729,.4430178,11.51639,4.81899
"山西",2022,"中部","山西",345.95,1.6883,62.8,37.2,97418,10.66,22.77,58.17,130.85,76.89,5.846294,.5237221,11.48677,4.874052
"广东",2010,"东部","广东",264.87,1.5541,60.85,39.15,86974,10.87,23.43,81.03,130.08,78.92,5.579239,.4408966,11.37336,4.86815
"广东",2011,"东部","广东",308.26,1.5514,60.81,39.19,95167,11.06,23.45,83.42,128.78,81.45,5.730944,.4391577,11.46339,4.858106
"广东",2012,"东部","广东",257.17,1.6702,62.55,37.45,110996,11,22.49,89.86,132.82,82.7,5.549737,.5129434,11.61725,4.888995
"广东",2013,"东部","广东",327.82,1.5608,60.95,39.05,113579,11.12,23.69,85.89,136.75,83.43,5.792465,.4451985,11.64025,4.918154
"广东",2014,"东部","广东",340.7,1.904,65.57,34.43,117194,11.13,22.95,89.64,139.69,84.95,5.831002,.643957,11.67159,4.939425
"广东",2015,"东部","广东",355.28,1.8172,64.5,35.5,123757,11.25,23.39,91.05,142.35,86.59,5.872906,.5972968,11.72608,4.958289
"广东",2016,"东部","广东",384.17,1.7268,63.33,36.67,120208,11.39,24.09,85.45,146.15,86.81,5.951085,.54627,11.69698,4.984633
"广东",2017,"东部","广东",393.75,1.9488,66.09,33.91,141842,11.54,24.84,89.53,149.23,88.11,5.975716,.6672138,11.86247,5.005489
"广东",2018,"东部","广东",352.87,2.0468,67.18,32.82,128136,11.54,23.77,103.7,154.67,89.28,5.8661,.7162775,11.76085,5.041294
"广东",2019,"东部","广东",439.92,1.9095,65.63,34.37,147946,11.58,24.01,100.04,157.92,90.41,6.086593,.6468414,11.9046,5.062088
"广东",2020,"东部","广东",430.06,2.1228,67.98,32.02,157368,11.84,24.28,78.98,157.93,91.44,6.063925,.752736,11.96634,5.062152
"广东",2021,"东部","广东",424.5,2.1068,67.81,32.19,149721,11.65,24.66,76.82,163.28,93.75,6.050912,.7451702,11.91653,5.095467
"广东",2022,"东部","广东",447.14,2.2018,68.77,31.23,154181,11.95,23.52,91.42,166.68,94.43,6.102872,.7892752,11.94588,5.116076
"广西",2010,"西部","广西",137.76,1.0901,52.16,47.84,50641,8.78,17.65,47.39,64.42,48.12,4.925513,.0862695,10.83252,4.165424
"广西",2011,"西部","广西",150.41,1.1146,52.71,47.29,57659,8.85,18.56,52.36,72.81,50.21,5.013365,.1084955,10.9623,4.287853
"广西",2012,"西部","广西",172.6,1.161,53.73,46.27,55281,8.91,16.77,49.71,73.56,50.5,5.150977,.1492817,10.92018,4.298101
"广西",2013,"西部","广西",176.16,1.2228,55.01,44.99,63671,9.06,18.26,55.2,79.72,52.76,5.171393,.2011433,11.06148,4.37852
"广西",2014,"西部","广西",193.15,1.3148,56.8,43.2,63829,9.19,18.7,47.75,83.84,52.89,5.263467,.2736846,11.06396,4.42891
"广西",2015,"西部","广西",181.12,1.3048,56.61,43.39,71205,9.12,17.03,50.84,84.3,54.68,5.19916,.2660498,11.17332,4.434382
"广西",2016,"西部","广西",216.4,1.3133,56.77,43.23,74239,9.25,17.17,52.67,89.53,56.36,5.377129,.2725431,11.21504,4.494574
"广西",2017,"西部","广西",199.53,1.4731,59.56,40.44,82961,9.09,17.77,57.64,89.71,57.46,5.295965,.387369,11.32613,4.496582
"广西",2018,"西部","广西",226.98,1.3701,57.81,42.19,73843,9.46,17.58,51.23,99.32,58,5.424862,.3148837,11.2097,4.598347
"广西",2019,"西部","广西",257.41,1.4591,59.33,40.67,79376,9.41,19.87,55.66,100.01,59.73,5.55067,.3778198,11.28195,4.60527
"广西",2020,"西部","广西",187.69,1.5813,61.26,38.74,78598,9.56,18.78,51.22,102.57,60.27,5.234792,.4582473,11.2721,4.630546
"广西",2021,"西部","广西",244.13,1.583,61.29,38.71,82346,9.66,19.8,45.67,103.62,61.24,5.497701,.4593217,11.31869,4.64073
"广西",2022,"西部","广西",236.25,1.5878,61.36,38.64,84923,9.63,18.84,46.24,111.92,63.21,5.46489,.4623494,11.3495,4.717784
"新疆",2010,"西部","新疆",129.7,.9366,48.36,51.64,58821,9.01,16.2,53.32,77.99,58.91,4.865224,-.0654989,10.98225,4.356581
"新疆",2011,"西部","新疆",136.15,1.0218,50.54,49.46,57903,9.01,16.45,52.31,79.47,61.1,4.913757,.0215658,10.96652,4.37538
"新疆",2012,"西部","新疆",153.54,.9794,49.48,50.52,56145,9.39,16.02,56.12,78.87,60.81,5.033961,-.0208152,10.93569,4.367801
"新疆",2013,"西部","新疆",145.61,1.0421,51.03,48.97,68515,9.23,17.26,54.78,85.67,62.42,4.980932,.0412379,11.13481,4.450503
"新疆",2014,"西部","新疆",169.62,1.1761,54.05,45.95,74470,9.54,16.06,56.81,92.85,63.9,5.133561,.1622039,11.21815,4.530985
"新疆",2015,"西部","新疆",182.02,1.1005,52.39,47.61,75961,9.4,15.16,56.23,93.96,65.27,5.204117,.0957646,11.23798,4.542869
"新疆",2016,"西部","新疆",167.24,1.1404,53.28,46.72,79435,9.36,15.91,56.45,97.44,65.29,5.11943,.1313791,11.28269,4.579237
"新疆",2017,"西部","新疆",192.79,1.1889,54.32,45.68,84918,9.5,16.27,55.3,102.64,67.96,5.261601,.1730285,11.34944,4.631227
"新疆",2018,"西部","新疆",187.6,1.143,53.34,46.66,82234,9.76,17.47,55.72,106.02,68.4,5.234312,.1336564,11.31732,4.663628
"新疆",2019,"西部","新疆",194.07,1.2624,55.8,44.2,88137,9.87,17.4,55.94,106.47,69.22,5.268219,.2330147,11.38665,4.667863
"新疆",2020,"西部","新疆",204.12,1.2503,55.56,44.44,97222,9.76,18.12,50.7,110.51,70.49,5.318708,.2233836,11.48475,4.705106
"新疆",2021,"西部","新疆",203.64,1.3647,57.71,42.29,91438,9.86,17.98,49.76,114.59,71.76,5.316354,.3109346,11.42342,4.741361
"新疆",2022,"西部","新疆",223.04,1.3588,57.6,42.4,97381,9.88,17.18,54.65,117.51,74.06,5.407351,.306602,11.48639,4.766523
"江苏",2010,"东部","江苏",260.76,1.5852,61.32,38.68,84983,10.79,20.18,86.61,126.73,75.89,5.563601,.4607106,11.35021,4.842059
"江苏",2011,"东部","江苏",299.63,1.5196,60.31,39.69,92491,10.86,20.1,77.47,130.68,77.94,5.702549,.4184472,11.43487,4.872752
"江苏",2012,"东部","江苏",301.93,1.7918,64.18,35.82,107802,10.77,21,78.98,132.82,78.87,5.710195,.5832207,11.58805,4.888995
"江苏",2013,"东部","江苏",313.38,1.7104,63.1,36.9,113520,10.99,20.25,77.06,140.47,79.79,5.747416,.5367272,11.63973,4.944994
"江苏",2014,"东部","江苏",362.82,1.885,65.34,34.66,120052,11.08,19.6,83.61,139.39,81.38,5.893907,.6339278,11.69568,4.937276
"江苏",2015,"东部","江苏",336.96,1.9391,65.98,34.02,120779,11.16,20.75,101.65,145.89,83.06,5.819964,.6622239,11.70172,4.982853
"江苏",2016,"东部","江苏",351.77,1.9474,66.07,33.93,129788,11.35,20.95,82.02,144.23,84.03,5.862978,.6664951,11.77366,4.971409
"江苏",2017,"东部","江苏",375.24,1.8887,65.38,34.62,134541,11.3,21.64,95.73,148.55,84.86,5.927566,.6358888,11.80962,5.000922
"江苏",2018,"东部","江苏",367.21,1.9693,66.32,33.68,138590,11.35,21.58,102.03,154.63,86.28,5.905934,.6776782,11.83928,5.041035
"江苏",2019,"东部","江苏",434.34,2.1663,68.42,31.58,132399,11.61,22.22,105.18,159.58,87.29,6.073828,.7730207,11.79358,5.072546
"江苏",2020,"东部","江苏",359.6,2.1721,68.48,31.52,150142,11.63,21.34,85.53,159.97,89.18,5.884992,.7756945,11.91934,5.074986
"江苏",2021,"东部","江苏",440.67,2.1765,68.52,31.48,155227,11.71,21.39,95.78,164.83,89.35,6.088296,.7777181,11.95264,5.104915
"江苏",2022,"东部","江苏",484.74,2.3768,70.39,29.61,151736,11.67,21.94,90.48,170.02,91.67,6.183613,.8657551,11.9299,5.135916
"江西",2010,"中部","江西",183.54,1.1383,53.23,46.77,67347,9.45,16.47,56.15,85.3,65.5,5.212432,.1295359,11.11761,4.446175
"江西",2011,"中部","江西",213.49,1.1644,53.8,46.2,76801,9.61,17.7,59.41,89.35,66.36,5.36359,.1522059,11.24897,4.492561
"江西",2012,"中部","江西",205.73,1.3504,57.45,42.55,83447,9.71,15.76,62.42,93.09,67.13,5.326565,.3004008,11.33197,4.533567
"江西",2013,"中部","江西",243.43,1.2563,55.68,44.32,87515,9.74,17.14,55.39,91.98,69.31,5.494829,.2281709,11.37957,4.521571
"江西",2014,"中部","江西",237.69,1.388,58.12,41.88,83801,9.79,14.89,67.67,99.16,70.38,5.470967,.3278639,11.3362,4.596735
"江西",2015,"中部","江西",248.43,1.4436,59.08,40.92,96131,9.9,16.62,69.82,99.83,70.43,5.515161,.36714,11.47347,4.603469
"江西",2016,"中部","江西",251.88,1.4141,58.58,41.42,100292,10.09,16.52,68.89,103.51,72.37,5.528953,.3464933,11.51584,4.639668
"江西",2017,"中部","江西",263.93,1.5224,60.35,39.65,100431,10.04,17.45,67.77,106.38,73.35,5.575684,.4202881,11.51723,4.667017
"江西",2018,"中部","江西",283.89,1.5146,60.23,39.77,115331,10.35,16.8,64.45,113.08,74.52,5.648587,.4151514,11.65556,4.728096
"江西",2019,"中部","江西",270.54,1.6004,61.54,38.46,103649,10.26,16.3,74.92,111.29,75.54,5.60042,.4702536,11.54877,4.71214
"江西",2020,"中部","江西",297.06,1.6847,62.75,37.25,109437,10.43,17.01,61.12,120.48,76.8,5.693934,.5215875,11.6031,4.791484
"江西",2021,"中部","江西",254.75,1.7716,63.92,36.08,106816,10.49,17.03,56.45,124.37,79.53,5.540283,.5718831,11.57886,4.823261
"江西",2022,"中部","江西",311.12,1.7563,63.72,36.28,111700,10.29,16.65,66.67,126.15,79.8,5.740179,.5632093,11.62357,4.837471
"河北",2010,"东部","河北",318.56,1.5434,60.68,39.32,105864,11.11,22.67,92.16,138.08,86.66,5.763811,.4339878,11.56991,4.927833
"河北",2011,"东部","河北",331.39,1.6421,62.15,37.85,116570,11.12,22.3,101.92,140.94,86.95,5.803296,.4959759,11.66625,4.948334
"河北",2012,"东部","河北",369.5,1.7618,63.79,36.21,122853,11.15,21.95,105.92,143.79,88.54,5.912151,.566336,11.71874,4.968354
"河北",2013,"东部","河北",322.17,1.8738,65.2,34.8,127316,11.44,23.03,95.55,152.43,91.01,5.775079,.6279685,11.75443,5.026705
"河北",2014,"东部","河北",388.26,1.7941,64.21,35.79,134508,11.34,23.88,90.6,154.2,91.55,5.961675,.5845035,11.80938,5.03825
"河北",2015,"东部","河北",362.19,1.8849,65.34,34.66,158263,11.59,23.7,105.62,158.22,92.29,5.892169,.6338748,11.97201,5.063986
"河北",2016,"东部","河北",419.44,1.8727,65.19,34.81,147485,11.48,24.13,113.8,157.54,94.39,6.03892,.6273812,11.90148,5.05968
"河北",2017,"东部","河北",455.22,2.0143,66.82,33.18,147235,11.6,24.7,114.25,163.33,94.56,6.120781,.7002718,11.89979,5.095773
"河北",2018,"东部","河北",427.81,2.2178,68.92,31.08,162709,11.61,23.41,117.72,168.43,95,6.058679,.7965156,11.99972,5.12652
"河北",2019,"东部","河北",509.63,2.3174,69.86,30.14,163571,11.88,25.47,107.46,170.43,95,6.233685,.8404459,12.005,5.138325
"河北",2020,"东部","河北",526.99,2.4432,70.96,29.04,161870,11.92,22.44,92.73,175.59,95,6.267181,.8933087,11.99455,5.168152
"河北",2021,"东部","河北",525.83,2.3062,69.75,30.25,172723,12.06,23.59,101.94,177.38,95,6.264978,.8356012,12.05944,5.178294
"河北",2022,"东部","河北",527.18,2.4213,70.77,29.23,179469,12.04,24.21,105.34,177.95,95,6.267542,.8843046,12.09776,5.181503
"河南",2010,"中部","河南",127.66,1.2499,55.55,44.45,65472,9.5,18.27,53.98,79.35,58.7,4.84937,.2230635,11.08938,4.373868
"河南",2011,"中部","河南",126.53,1.2055,54.66,45.34,68521,9.34,16.57,57.12,82.05,58.95,4.840479,.1868944,11.1349,4.407329
"河南",2012,"中部","河南",165.56,1.4441,59.09,40.91,73923,9.39,17.13,64.83,82.14,60.8,5.109334,.3674863,11.21078,4.408425
"河南",2013,"中部","河南",182.66,1.3704,57.81,42.19,75714,9.63,17.11,66.03,88.93,62.42,5.207626,.3151026,11.23472,4.48785
"河南",2014,"中部","河南",204.68,1.3829,58.04,41.96,79508,9.66,15.94,70.79,95.17,63.43,5.321448,.3241827,11.28361,4.555665
"河南",2015,"中部","河南",192.88,1.5042,60.07,39.93,86298,9.89,17.08,68.2,95.8,64.74,5.262068,.4082612,11.36556,4.562263
"河南",2016,"中部","河南",198.95,1.5395,60.62,39.38,94429,9.65,18.46,63.55,99.36,64.94,5.293054,.4314577,11.4556,4.59875
"河南",2017,"中部","河南",231.1,1.5579,60.91,39.09,95324,9.81,17.94,62.65,98.62,66.15,5.442851,.4433387,11.46504,4.591274
"河南",2018,"中部","河南",222.78,1.6534,62.31,37.69,95899,9.82,17.38,59.77,105.82,68.27,5.406185,.5028337,11.47105,4.661739
"河南",2019,"中部","河南",232.46,1.5621,60.97,39.03,105235,9.96,17.35,60.49,111.09,68.57,5.448718,.4460311,11.56395,4.71034
"河南",2020,"中部","河南",196.88,1.7885,64.14,35.86,115567,10.01,17.53,59.05,115.55,70.71,5.282594,.5813773,11.65761,4.749703
"河南",2021,"中部","河南",237.26,1.8286,64.65,35.35,117296,10.07,16.81,60.84,117.85,71.28,5.469157,.6035507,11.67246,4.769413
"河南",2022,"中部","河南",275.14,1.793,64.2,35.8,110575,10.26,18.6,63.4,123.06,73.21,5.61728,.5838902,11.61345,4.812672
"浙江",2010,"东部","浙江",358.66,1.5954,61.47,38.53,104617,10.9,22.74,75.94,136.73,83.87,5.882375,.4671245,11.55806,4.918008
"浙江",2011,"东部","浙江",307.4,1.6979,62.93,37.07,113925,10.63,26.18,89.82,142.15,85.34,5.72815,.5293922,11.6433,4.956883
"浙江",2012,"东部","浙江",309.54,1.7879,64.13,35.87,114730,11.07,25.68,98.46,149.85,87.34,5.735087,.5810418,11.65034,5.009635
"浙江",2013,"东部","浙江",382.6,1.8268,64.62,35.38,122221,11.12,25.72,108.02,144.4,88.6,5.94699,.6025658,11.71359,4.972587
"浙江",2014,"东部","浙江",310.12,1.8805,65.28,34.72,131297,10.81,25.01,111.3,150.88,88.48,5.736959,.6315377,11.78522,5.016485
"浙江",2015,"东部","浙江",438.33,1.8865,65.36,34.64,129915,11.04,24.91,85.03,151.7,89.63,6.082972,.6347232,11.77464,5.021905
"浙江",2016,"东部","浙江",393.96,2.2084,68.83,31.17,147080,11.26,26.02,102.52,155.95,90.48,5.976249,.7922683,11.89873,5.049535
"浙江",2017,"东部","浙江",416.92,2.0236,66.93,33.07,158957,11.57,24.13,106.28,158.05,92.42,6.032895,.7048782,11.97639,5.062912
"浙江",2018,"东部","浙江",450.19,2.2938,69.64,30.36,163406,11.24,25.94,96.23,162.25,94.14,6.10967,.8302099,12.00399,5.089139
"浙江",2019,"东部","浙江",427.57,2.3688,70.32,29.68,171976,11.39,26.15,110.82,167.9,94.61,6.058118,.8623835,12.05511,5.123369
"浙江",2020,"东部","浙江",489.71,2.3175,69.86,30.14,178139,11.45,25.02,87.95,173.48,95,6.193813,.8404891,12.09032,5.156062
"浙江",2021,"东部","浙江",453.68,2.4747,71.22,28.78,162433,11.56,26.59,102.91,173.11,95,6.117392,.9061192,11.99802,5.153927
"浙江",2022,"东部","浙江",526.28,2.4806,71.27,28.73,185072,11.87,25.62,92.63,178.52,95,6.265833,.9085005,12.1285,5.1847
"海南",2010,"东部","海南",255.41,1.531,60.49,39.51,82685,10.16,21.5,73.05,113.49,73.89,5.54287,.4259211,11.32279,4.731715
"海南",2011,"东部","海南",248.13,1.5388,60.61,39.39,87966,10.21,22.9,75.12,115.73,74.62,5.513953,.4310029,11.38471,4.75126
"海南",2012,"东部","海南",264.17,1.5717,61.12,38.88,89186,10.56,21.74,71.81,123.16,75.65,5.576593,.4521578,11.39848,4.813484
"海南",2013,"东部","海南",284.04,1.6711,62.56,37.44,103654,10.45,21.66,72.58,127.25,76.73,5.649115,.5134821,11.54881,4.846154
"海南",2014,"东部","海南",288.14,1.737,63.46,36.54,98399,10.4,21.16,73.57,128.16,76.71,5.663446,.5521595,11.49679,4.85328
"海南",2015,"东部","海南",318.62,2.0247,66.94,33.06,112633,10.61,22.57,81.06,132.45,78.38,5.763999,.7054215,11.63189,4.886205
"海南",2016,"东部","海南",300.93,1.8379,64.76,35.24,108586,10.72,22.1,78.52,136.78,80.01,5.706878,.6086236,11.5953,4.918374
"海南",2017,"东部","海南",330.96,1.983,66.48,33.52,113191,10.74,23.86,85.01,141.02,81.28,5.801998,.6846108,11.63683,4.948902
"海南",2018,"东部","海南",373.81,2.1791,68.54,31.46,121167,11.06,21.78,89.5,140.96,83.44,5.923748,.7789119,11.70492,4.948476
"海南",2019,"东部","海南",457.36,2.1432,68.19,31.81,129368,11.02,22.84,76.91,149.51,82.38,6.125471,.7623,11.77042,5.007363
"海南",2020,"东部","海南",356.56,2.0763,67.49,32.51,133873,11.01,22.46,69.16,150.4,85.3,5.876503,.7305874,11.80465,5.013299
"海南",2021,"东部","海南",406.2,2.2417,69.15,30.85,130688,11.3,24.76,64.96,156.47,86.51,6.006845,.8072345,11.78057,5.052864
"海南",2022,"东部","海南",450.9,2.3366,70.03,29.97,141354,11.23,23.61,69.36,157.62,86.5,6.111246,.8486969,11.85902,5.060187
"湖北",2010,"中部","湖北",190.74,.9423,48.52,51.48,62266,9.27,16.6,57.84,81.02,56.98,5.250911,-.0594316,11.03917,4.394696
"湖北",2011,"中部","湖北",208.12,1.0994,52.37,47.63,62636,9.33,16.9,60.74,81.27,58.5,5.338115,.0947646,11.0451,4.397777
"湖北",2012,"中部","湖北",210.86,1.1271,52.99,47.01,68998,9.55,16.52,63.41,89.44,60.48,5.351194,.119648,11.14183,4.493568
"湖北",2013,"中部","湖北",227.92,1.2225,55.01,44.99,74680,9.48,17.4,60.81,91.73,60.48,5.428995,.2008979,11.22097,4.518849
"湖北",2014,"中部","湖北",218.2,1.254,55.63,44.37,80676,9.44,16.28,58.58,92.59,62.46,5.385412,.2263384,11.2982,4.528181
"湖北",2015,"中部","湖北",258.24,1.2809,56.16,43.84,85381,9.81,17.18,64.93,97.15,63.07,5.553889,.247563,11.35488,4.576256
"湖北",2016,"中部","湖北",250.1,1.3408,57.28,42.72,83103,9.74,16.52,67.39,99.59,65.14,5.521861,.2932665,11.32784,4.601062
"湖北",2017,"中部","湖北",230.7,1.3373,57.22,42.78,95803,9.9,17.4,68.29,106.03,66.82,5.441118,.2906526,11.47005,4.663722
"湖北",2018,"中部","湖北",311.86,1.4364,58.96,41.04,91625,9.97,18,64.91,109.84,66.83,5.742554,.36214,11.42546,4.699025
"湖北",2019,"中部","湖北",303.36,1.4717,59.54,40.46,98225,10.06,18.16,74.03,109.77,67.75,5.71492,.3864182,11.49502,4.698387
"湖北",2020,"中部","湖北",223.71,1.3938,58.23,41.77,98812,10.2,18.95,62.01,115.05,68.81,5.410351,.3320338,11.50097,4.745367
"湖北",2021,"中部","湖北",292.15,1.4289,58.83,41.17,99254,10.26,18.14,61.88,123.76,70.18,5.677268,.3569049,11.50544,4.818344
"湖北",2022,"中部","湖北",342.43,1.5335,60.53,39.47,103414,10.26,19.87,58.24,125.33,71.95,5.836067,.4275527,11.5465,4.83095
"湖南",2010,"中部","湖南",155.54,1.126,52.96,47.04,60648,9.35,15.6,52.11,72.04,54.89,5.046903,.1186716,11.01284,4.277222
"湖南",2011,"中部","湖南",153.68,1.1814,54.16,45.84,72031,9.64,13.53,52.98,78.38,56.24,5.034873,.1667001,11.18485,4.361569
"湖南",2012,"中部","湖南",150.21,1.3816,58.01,41.99,74048,9.68,16.14,60.77,80.78,56.48,5.012034,.3232423,11.21247,4.391729
"湖南",2013,"中部","湖南",156.39,1.4,58.33,41.67,69381,9.8,15.12,53.67,86.33,57.27,5.052353,.3364722,11.14737,4.458177
"湖南",2014,"中部","湖南",203.78,1.4464,59.12,40.88,78704,9.85,15.88,62.2,89.77,58.97,5.317041,.3690777,11.27345,4.497251
"湖南",2015,"中部","湖南",187.12,1.3645,57.71,42.29,87919,9.93,15.97,57.44,91.41,61.13,5.23175,.3107881,11.38417,4.515355
"湖南",2016,"中部","湖南",217.95,1.4717,59.54,40.46,82596,10.12,14.56,64.08,94.98,61.58,5.384266,.3864182,11.32172,4.553667
"湖南",2017,"中部","湖南",227.32,1.5607,60.95,39.05,89404,10.09,15.72,59.11,100.02,62.46,5.426359,.4451345,11.40092,4.60537
"湖南",2018,"中部","湖南",225.57,1.6467,62.22,37.78,97676,10.16,15.61,59.71,102.63,64.15,5.418631,.4987733,11.48941,4.63113
"湖南",2019,"中部","湖南",198.51,1.6911,62.84,37.16,98720,10.25,15.39,61.6,106.68,65.05,5.29084,.5253792,11.50004,4.669834
"湖南",2020,"中部","湖南",227.15,1.8256,64.61,35.39,94998,10.28,15.75,56.67,106.25,66.4,5.425611,.6019087,11.46161,4.665795
"湖南",2021,"中部","湖南",242.75,1.8418,64.81,35.19,102294,10.34,15.5,54.01,112.84,68.36,5.492032,.6107433,11.53561,4.725971
"湖南",2022,"中部","湖南",235.02,1.798,64.26,35.74,108290,10.55,17.95,54.99,117.1,69.18,5.459671,.5866749,11.59257,4.763028
"甘肃",2010,"西部","甘肃",118.66,1.0562,51.37,48.63,47545,9.09,13.94,45.01,56.4,54.51,4.776262,.0546776,10.76943,4.032469
"甘肃",2011,"西部","甘肃",99.67,1.1094,52.59,47.41,51736,9.27,14.89,48.26,56.83,55.67,4.601865,.1038194,10.85391,4.040064
"甘肃",2012,"西部","甘肃",128.31,1.1344,53.15,46.85,56954,9.43,15.27,52.59,58.89,58.19,4.854449,.1261039,10.95,4.075671
"甘肃",2013,"西部","甘肃",134.28,1.193,54.4,45.6,62102,9.24,15.44,44.66,65.99,58.54,4.899927,.1764711,11.03653,4.189503
"甘肃",2014,"西部","甘肃",157.76,1.3322,57.12,42.88,62243,9.37,16.06,49.4,69.86,59.86,5.061075,.2868317,11.0388,4.246493
"甘肃",2015,"西部","甘肃",179.74,1.3135,56.78,43.22,67404,9.49,15.4,55.8,73.31,60.57,5.191512,.2726954,11.11846,4.294697
"甘肃",2016,"西部","甘肃",162.31,1.4566,59.29,40.71,67907,9.46,16.05,50.21,75.54,61.99,5.089508,.3761049,11.12589,4.324662
"甘肃",2017,"西部","甘肃",159.51,1.3635,57.69,42.31,74550,9.65,16.75,49.5,76.72,63.89,5.072106,.3100549,11.21922,4.340162
"甘肃",2018,"西部","甘肃",178.27,1.5604,60.94,39.06,74072,9.73,15.92,56.6,77.91,64.58,5.183299,.4449422,11.21279,4.355555
"甘肃",2019,"西部","甘肃",151.84,1.527,60.43,39.57,81917,9.72,15.84,52.47,84.95,65.43,5.022827,.423305,11.31346,4.442063
"甘肃",2020,"西部","甘肃",171.02,1.6158,61.77,38.23,75848,10.05,15.68,43.57,88.81,66.49,5.14178,.4798302,11.23649,4.486499
"甘肃",2021,"西部","甘肃",212.81,1.6808,62.7,37.3,84973,9.94,16.53,48.69,95.8,67.88,5.3604,.5192698,11.35009,4.562263
"甘肃",2022,"西部","甘肃",206.28,1.6925,62.86,37.14,80948,10.12,16.21,47.07,98.63,69.32,5.329235,.5262067,11.30156,4.591375
"福建",2010,"东部","福建",296.17,1.5191,60.3,39.7,89499,10.95,21.15,77.16,138.46,80.18,5.690934,.418118,11.40198,4.930582
"福建",2011,"东部","福建",308.38,1.5432,60.68,39.32,102766,11.07,23.13,81.2,142,82,5.731333,.4338582,11.54021,4.955827
"福建",2012,"东部","福建",330.55,1.6623,62.44,37.56,106411,11.26,23.18,88.73,140.97,83.03,5.800758,.5082022,11.57506,4.948547
"福建",2013,"东部","福建",337.64,1.834,64.71,35.29,104552,11.41,22.25,83.17,143.59,84.69,5.82198,.6064994,11.55744,4.966962
"福建",2014,"东部","福建",348.01,1.9351,65.93,34.07,120188,11.42,19.94,99.6,150.35,85.59,5.852231,.660159,11.69681,5.012966
"福建",2015,"东部","福建",370.34,1.9431,66.02,33.98,124193,11.73,21.7,90.98,154.46,86.27,5.914422,.6642846,11.72959,5.039935
"福建",2016,"东部","福建",379.05,1.9669,66.29,33.71,125423,11.69,23.13,94.95,155.58,87.97,5.937668,.6764587,11.73945,5.04716
"福建",2017,"东部","福建",402.77,2.1228,67.98,32.02,134560,11.76,23.3,94.63,161.24,89.22,5.998366,.752736,11.80977,5.082894
"福建",2018,"东部","福建",468.22,2.0737,67.47,32.53,147568,11.61,22.35,97.58,163.18,91.48,6.148938,.7293344,11.90204,5.094854
"福建",2019,"东部","福建",449.66,2.2095,68.84,31.16,151964,11.65,22.84,98.61,168.59,91.28,6.108492,.7927663,11.9314,5.12747
"福建",2020,"东部","福建",397.41,2.1002,67.74,32.26,135788,12.04,23.57,73.8,167.59,92.33,5.984969,.7420325,11.81885,5.121521
"福建",2021,"东部","福建",470.27,2.363,70.26,29.74,156457,12.09,23.81,83.29,169.45,93.58,6.153307,.8599319,11.96054,5.132558
"福建",2022,"东部","福建",545.02,2.4454,70.98,29.02,164387,12.12,24.02,85.68,180.29,95,6.300823,.8942087,12.00998,5.194567
"西藏",2010,"西部","西藏",125.81,.9706,49.25,50.75,47910,8.84,14.59,36.87,54.29,48.06,4.834773,-.0298408,10.77708,3.99434
"西藏",2011,"西部","西藏",142.4,.987,49.67,50.33,51956,8.95,15.08,37.32,56.78,49.76,4.95864,-.0130853,10.85815,4.039184
"西藏",2012,"西部","西藏",155.34,.9765,49.41,50.59,53638,9.04,14.53,37.34,57.54,51.08,5.045616,-.0237806,10.89001,4.05248
"西藏",2013,"西部","西藏",158.31,1.046,51.12,48.88,59809,9.04,14.25,37.44,64.84,51.96,5.064555,.0449734,10.99891,4.171923
"西藏",2014,"西部","西藏",158.51,1.0826,51.98,48.02,59548,9.27,15.07,37.68,65.52,53.36,5.065818,.0793656,10.99454,4.182355
"西藏",2015,"西部","西藏",164.82,1.1629,53.77,46.23,66682,9.17,15.59,42.18,68.06,54.23,5.104854,.1509169,11.10769,4.22039
"西藏",2016,"西部","西藏",162.04,1.112,52.65,47.35,67709,9.43,14.69,44.72,69.81,55.43,5.087843,.1061602,11.12297,4.245777
"西藏",2017,"西部","西藏",150.18,1.2309,55.18,44.82,76439,9.39,16.43,42.24,77.24,57.08,5.011835,.2077457,11.24425,4.346918
"西藏",2018,"西部","西藏",183.14,1.3423,57.31,42.69,77486,9.57,15.89,40.94,80.1,57.72,5.210251,.2943846,11.25785,4.383276
"西藏",2019,"西部","西藏",185.94,1.2471,55.5,44.5,76085,9.64,14.99,43.38,86.84,59.64,5.225424,.2208209,11.23961,4.464067
"西藏",2020,"西部","西藏",179.72,1.3413,57.29,42.71,79486,9.74,15.4,40.88,90.41,61.01,5.1914,.2936393,11.28334,4.504355
"西藏",2021,"西部","西藏",200.38,1.4557,59.28,40.72,82759,9.72,15.91,35.95,91.92,62.07,5.300216,.3754869,11.32369,4.520919
"西藏",2022,"西部","西藏",230.56,1.3544,57.53,42.47,79826,9.81,15.94,39.36,95.61,63.47,5.440511,.3033586,11.2876,4.560277
"贵州",2010,"西部","贵州",163.89,.8232,45.15,54.85,53387,9.05,16.4,42.16,63.82,54.5,5.099195,-.1945561,10.88532,4.156066
"贵州",2011,"西部","贵州",134.9,1.0193,50.48,49.52,59623,8.9,17.01,53.23,66.72,56.37,4.904534,.0191161,10.9958,4.200505
"贵州",2012,"西部","贵州",175.01,1.0979,52.33,47.67,60907,8.93,15.83,45.78,69.78,57.23,5.164843,.0933993,11.0171,4.245347
"贵州",2013,"西部","贵州",148.28,1.0181,50.45,49.55,68220,9.08,17.82,47.8,70.46,59.21,4.999103,.0179382,11.13049,4.255045
"贵州",2014,"西部","贵州",170.31,.9941,49.85,50.15,69698,9.25,16.69,44.45,76.64,59.59,5.13762,-.0059175,11.15193,4.339119
"贵州",2015,"西部","贵州",204.72,1.1527,53.55,46.45,71782,9.35,17.18,42.65,80.79,59.91,5.321643,.142107,11.18139,4.391853
"贵州",2016,"西部","贵州",210.78,1.1638,53.79,46.21,80264,9.45,16.19,56.01,83.16,61.34,5.350815,.1516905,11.29308,4.420766
"贵州",2017,"西部","贵州",230.67,1.2867,56.27,43.73,77524,9.52,17.03,54.23,86.25,63.48,5.440988,.2520808,11.25834,4.45725
"贵州",2018,"西部","贵州",237.64,1.2021,54.59,45.41,83030,9.59,18.24,59.7,89.67,64.76,5.470757,.1840701,11.32696,4.496136
"贵州",2019,"西部","贵州",194.52,1.2144,54.84,45.16,83136,9.56,17.89,54.18,94.16,65.91,5.270535,.1942502,11.32823,4.544995
"贵州",2020,"西部","贵州",215.23,1.3745,57.89,42.11,90695,9.71,18.77,45.26,97.11,67.22,5.371707,.3180901,11.41526,4.575844
"贵州",2021,"西部","贵州",242.45,1.4571,59.3,40.7,85222,9.87,18.58,49.43,98.98,67.89,5.490796,.3764482,11.35301,4.594918
"贵州",2022,"西部","贵州",276.86,1.5191,60.3,39.7,89633,9.89,17.46,45.44,102.75,68.61,5.623512,.418118,11.40348,4.632299
"辽宁",2010,"东部","辽宁",260.3,1.4135,58.57,41.43,90076,10.45,19.85,77.75,121.94,78.4,5.561835,.3460689,11.40841,4.803529
"辽宁",2011,"东部","辽宁",283.99,1.344,57.34,42.66,96167,10.48,20.77,76.77,126.85,80.63,5.648939,.2956502,11.47384,4.843005
"辽宁",2012,"东部","辽宁",333.93,1.5662,61.03,38.97,107094,10.46,22.77,84.77,129.07,81.69,5.810931,.4486523,11.58146,4.860355
"辽宁",2013,"东部","辽宁",316.82,1.6037,61.59,38.41,105053,10.64,22.97,82.35,130.63,82.7,5.758334,.4723135,11.56222,4.872369
"辽宁",2014,"东部","辽宁",286.27,1.6158,61.77,38.23,121731,10.73,22.08,85.06,135.44,83.64,5.656935,.4798302,11.70957,4.908529
"辽宁",2015,"东部","辽宁",334.02,1.673,62.59,37.41,121699,10.68,22.06,85.11,138.57,85.72,5.811201,.5146184,11.70931,4.931376
"辽宁",2016,"东部","辽宁",382.94,1.7409,63.52,36.48,133526,10.94,21,90.75,148.69,86.58,5.947878,.5544022,11.80205,5.001863
"辽宁",2017,"东部","辽宁",368.3,1.8946,65.45,34.55,134912,11.02,22.19,92.47,147.48,88.22,5.908898,.6390077,11.81238,4.993692
"辽宁",2018,"东部","辽宁",419.93,1.942,66.01,33.99,138613,11.13,22.19,93.2,154.42,88.25,6.040088,.6637184,11.83944,5.039676
"辽宁",2019,"东部","辽宁",353.76,1.9011,65.53,34.47,145200,11.21,23.51,93.86,157.02,90.3,5.868619,.6424327,11.88587,5.056373
"辽宁",2020,"东部","辽宁",393.35,2.0505,67.22,32.78,151552,11.26,22.88,72.25,157.37,91.76,5.9747,.7180836,11.92868,5.058599
"辽宁",2021,"东部","辽宁",415.37,2.1243,67.99,32.01,158749,11.27,23.18,84.1,162.96,92.44,6.02917,.7534423,11.97508,5.093505
"辽宁",2022,"东部","辽宁",452.38,2.1225,67.97,32.03,152987,11.23,21.98,83.02,165.45,92.98,6.114522,.7525946,11.93811,5.108669
"重庆",2010,"西部","重庆",140.63,.9673,49.17,50.83,38453,8.69,16.8,37.09,50.98,50.44,4.946132,-.0332466,10.55719,3.931433
"重庆",2011,"西部","重庆",151.52,1.0396,50.97,49.03,40670,8.6,16.49,36.7,56.76,51.98,5.020718,.038836,10.61325,4.038832
"重庆",2012,"西部","重庆",149.03,1.0541,51.32,48.68,47524,8.71,18.06,35.95,60.81,52.81,5.004148,.0526874,10.76899,4.107754
"重庆",2013,"西部","重庆",138.97,1.1323,53.1,46.9,47786,8.79,15.54,36.65,65.6,54.71,4.934258,.124251,10.77449,4.183576
"重庆",2014,"西部","重庆",166.18,1.1479,53.44,46.56,51111,8.69,17.35,39.82,66.32,56.01,5.113071,.1379342,10.84175,4.194491
"重庆",2015,"西部","重庆",175.62,1.1936,54.41,45.59,53361,8.73,16.77,36.17,69.51,57.17,5.168323,.176974,10.88484,4.241471
"重庆",2016,"西部","重庆",179.81,1.2744,56.03,43.97,60168,9.03,16.29,38.44,74.01,58.1,5.191901,.2424755,11.0049,4.3042
"重庆",2017,"西部","重庆",197.15,1.2154,54.86,45.14,57741,9.02,15.16,41.59,81.85,59.05,5.283965,.1950732,10.96372,4.404888
"重庆",2018,"西部","重庆",154.5,1.3958,58.26,41.74,57559,9.1,17.79,43.47,82.04,59.8,5.040194,.3334677,10.96057,4.407207
"重庆",2019,"西部","重庆",192.13,1.2994,56.51,43.49,60759,9.17,18.48,38.14,85.45,62.42,5.258172,.2619026,11.01467,4.447931
"重庆",2020,"西部","重庆",206.39,1.5127,60.2,39.8,62096,9.32,17.62,37.21,87.81,62.13,5.329768,.4138961,11.03644,4.475175
"重庆",2021,"西部","重庆",222.82,1.5726,61.13,38.87,64576,9.33,19.21,35.02,88.93,63.48,5.406364,.4527303,11.0756,4.48785
"重庆",2022,"西部","重庆",232.62,1.482,59.71,40.29,69590,9.34,17.4,37.52,93.05,64.93,5.449406,.3933925,11.15038,4.533137
"陕西",2010,"西部","陕西",88.83,.8424,45.72,54.28,40704,8.87,16.28,42.42,63.4,49.96,4.486724,-.1715003,10.61408,4.149464
"陕西",2011,"西部","陕西",92.26,.8709,46.55,53.45,43896,8.89,16.62,40.7,60.92,50.45,4.524611,-.1382281,10.68958,4.109561
"陕西",2012,"西部","陕西",108.16,.9495,48.7,51.3,47447,9.03,18.49,42.48,65.1,52.5,4.683612,-.0518197,10.76737,4.175924
"陕西",2013,"西部","陕西",110.7,.9646,49.1,50.9,51476,9,16.56,48.52,68.92,53.89,4.706824,-.0360417,10.84887,4.232946
"陕西",2014,"西部","陕西",105.26,1.0082,50.2,49.8,50854,9.18,18.29,49.72,72.41,54.68,4.656434,.0081666,10.83671,4.282344
"陕西",2015,"西部","陕西",138.44,1.0636,51.54,48.46,55573,9.37,17.47,45.29,78.46,55.97,4.930437,.0616593,10.92545,4.362589
"陕西",2016,"西部","陕西",146.04,1.159,53.68,46.32,57072,9.4,17.67,55.28,80.13,56.99,4.983881,.1475576,10.95207,4.38365
"陕西",2017,"西部","陕西",134.74,1.1497,53.48,46.52,61945,9.31,17.06,47.84,85.24,58.42,4.903347,.1395011,11.034,4.445471
"陕西",2018,"西部","陕西",142.92,1.2712,55.97,44.03,63232,9.36,18.93,46.02,87.58,59.68,4.962285,.2399613,11.05457,4.472553
"陕西",2019,"西部","陕西",169.14,1.2238,55.03,44.97,67781,9.49,18.58,48.58,89.59,60.61,5.130727,.2019607,11.12404,4.495244
"陕西",2020,"西部","陕西",127.05,1.3086,56.68,43.32,64530,9.7,18.59,40.93,95.7,61.8,4.844581,.2689578,11.07489,4.561218
"陕西",2021,"西部","陕西",161.91,1.2739,56.02,43.98,68912,9.67,18.53,45.38,97.56,62.76,5.08704,.2420831,11.14059,4.580468
"陕西",2022,"西部","陕西",138.65,1.4212,58.7,41.3,72008,9.75,19.74,48.89,102.59,64.66,4.931953,.3515016,11.18453,4.630741
"青海",2010,"西部","青海",148.78,.9979,49.95,50.05,50565,9.02,16.56,49.67,59.69,57.48,5.002469,-.0021022,10.83101,4.089164
"青海",2011,"西部","青海",154.37,1.0268,50.66,49.34,54845,9.21,16.91,46.12,65.72,59.11,5.039352,.0264472,10.91227,4.185403
"青海",2012,"西部","青海",179.91,1.1577,53.65,46.35,56445,9.38,16.86,48.53,68.68,59.8,5.192457,.1464352,10.94102,4.229458
"青海",2013,"西部","青海",188.72,1.1484,53.45,46.55,59294,9.34,16.63,51.94,71.87,61.14,5.240264,.1383696,10.99026,4.274859
"青海",2014,"西部","青海",182.05,1.1379,53.23,46.77,66616,9.53,15.23,43.28,78.91,62.37,5.204281,.1291845,11.1067,4.368308
"青海",2015,"西部","青海",204.75,1.1869,54.27,45.73,69910,9.61,17.06,53.44,80.35,62.71,5.32179,.1713449,11.15496,4.386392
"青海",2016,"西部","青海",220.51,1.2995,56.51,43.49,67950,9.71,16.43,63.33,80.59,65.48,5.395943,.2619796,11.12653,4.389375
"青海",2017,"西部","青海",235.9,1.4382,58.99,41.01,76209,9.74,16.93,60,86.18,65.4,5.463408,.3633923,11.24123,4.456438
"青海",2018,"西部","青海",244.45,1.4335,58.91,41.09,82052,9.93,17.59,52.74,91.74,66.12,5.499011,.360119,11.31511,4.518959
"青海",2019,"西部","青海",260.78,1.4101,58.51,41.49,81996,9.94,17.41,52.81,90.88,67.84,5.563677,.3436606,11.31443,4.50954
"青海",2020,"西部","青海",271.41,1.3805,57.99,42.01,83777,9.91,17.13,48.71,96.93,69.75,5.603631,.3224457,11.33591,4.573989
"青海",2021,"西部","青海",260.04,1.454,59.25,40.75,87518,10.09,17.86,49.96,102.52,71.08,5.560835,.3743184,11.3796,4.630058
"青海",2022,"西部","青海",251.72,1.5703,61.09,38.91,89802,10.18,18.61,53.07,104.49,71.75,5.528317,.4512667,11.40536,4.649091
"黑龙江",2010,"中部","黑龙江",142.3,1.1107,52.62,47.38,63607,9.46,18.51,53.58,85.68,59.24,4.957938,.1049905,11.06048,4.450619
"黑龙江",2011,"中部","黑龙江",143.99,1.1766,54.06,45.94,65334,9.73,18.95,55.55,90.32,61.06,4.969744,.1626289,11.08727,4.503359
"黑龙江",2012,"中部","黑龙江",185,1.2467,55.49,44.51,76786,9.5,19.26,55.43,90.78,61.98,5.220356,.2205001,11.24878,4.508439
"黑龙江",2013,"中部","黑龙江",178.67,1.2525,55.6,44.4,82078,9.49,21.84,55.07,97.45,62.75,5.185541,.2251416,11.31542,4.57934
"黑龙江",2014,"中部","黑龙江",202.76,1.3857,58.08,41.92,78782,9.62,20.54,59.35,100.06,63.56,5.312023,.3262054,11.27444,4.60577
"黑龙江",2015,"中部","黑龙江",188.69,1.38,57.98,42.02,85889,9.89,19.19,64.32,97.99,65.07,5.240106,.3220835,11.36081,4.584866
"黑龙江",2016,"中部","黑龙江",218.55,1.4552,59.27,40.73,90663,9.89,20.76,58.57,101.21,66.71,5.387015,.3751433,11.4149,4.617198
"黑龙江",2017,"中部","黑龙江",217.03,1.494,59.9,40.1,87103,10.04,22.02,66,107.7,68.88,5.380035,.4014571,11.37485,4.679349
"黑龙江",2018,"中部","黑龙江",214.25,1.6076,61.65,38.35,99435,9.9,21.16,64.42,112,69.15,5.367144,.4747424,11.50726,4.718499
"黑龙江",2019,"中部","黑龙江",215.5,1.5521,60.82,39.18,99851,10.09,21.07,61.89,112.26,69.62,5.372961,.4396088,11.51143,4.720818
"黑龙江",2020,"中部","黑龙江",196.43,1.5903,61.39,38.61,102117,10.29,21.78,49.75,121.53,71.01,5.280306,.4639226,11.53387,4.800161
"黑龙江",2021,"中部","黑龙江",249.14,1.6174,61.79,38.21,103547,10.25,20.38,54.34,122.7,72.56,5.518015,.4808199,11.54778,4.809742
"黑龙江",2022,"中部","黑龙江",278.2,1.8482,64.89,35.11,108812,10.25,22.38,55.73,125.29,73.84,5.62834,.6142122,11.59738,4.830631
